platform,brand,username,category,region,owner,snapshot_date,followers,suspect
Instagram,7 oils in one,7oilsinoneinternational,Hair Care,,competitor,2025-11-25,9039,False
Instagram,7 oils in one,7oilsinoneinternational,Hair Care,,competitor,2025-12-25,9009,False
Instagram,7 oils in one,7oilsinoneinternational,Hair Care,,competitor,2026-01-01,9000,False
Instagram,7 oils in one,7oilsinoneinternational,Hair Care,,competitor,2026-02-01,8981,False
Instagram,7 oils in one,7oilsinoneinternational,Hair Care,,competitor,2026-03-01,8957,False
Instagram,7 oils in one,7oilsinoneinternational,Hair Care,,competitor,2026-04-01,8936,False
Instagram,7 oils in one,7oilsinoneinternational,Hair Care,,competitor,2026-05-01,8759,False
Instagram,7 oils in one,7oilsinoneinternational,Hair Care,,competitor,2026-06-01,8740,False
Instagram,Cera Ve,Ceravearabia,Skin Care,Arabia,competitor,2026-03-01,116092,False
Instagram,Cera Ve,Ceravearabia,Skin Care,Arabia,competitor,2026-04-01,115503,False
Instagram,Cera Ve,Ceravearabia,Skin Care,Arabia,competitor,2026-05-01,117000,False
Instagram,Cera Ve,Ceravearabia,Skin Care,Arabia,competitor,2026-06-01,117977,False
Instagram,Clear,cleararabia,Hair Care,Arabia,competitor,2022-12-01,27000,False
Instagram,Clear,cleararabia,Hair Care,Arabia,competitor,2023-01-01,26900,False
Instagram,Clear,cleararabia,Hair Care,Arabia,competitor,2023-02-01,27100,False
Instagram,Clear,cleararabia,Hair Care,Arabia,competitor,2023-03-01,27200,False
Instagram,Clear,cleararabia,Hair Care,Arabia,competitor,2023-04-01,27412,False
Instagram,Clear,cleararabia,Hair Care,Arabia,competitor,2023-05-01,27525,False
Instagram,Clear,cleararabia,Hair Care,Arabia,competitor,2023-06-01,27700,False
Instagram,Clear,cleararabia,Hair Care,Arabia,competitor,2023-07-01,27800,False
Instagram,Clear,cleararabia,Hair Care,Arabia,competitor,2023-08-01,27700,False
Instagram,Clear,cleararabia,Hair Care,Arabia,competitor,2023-09-01,27700,False
Instagram,Clear,cleararabia,Hair Care,Arabia,competitor,2023-10-01,27700,False
Instagram,Clear,cleararabia,Hair Care,Arabia,competitor,2023-11-01,28000,False
Instagram,Clear,cleararabia,Hair Care,Arabia,competitor,2023-12-01,28000,False
Instagram,Clear,cleararabia,Hair Care,Arabia,competitor,2024-01-01,28000,False
Instagram,Clear,cleararabia,Hair Care,Arabia,competitor,2024-02-01,27700,False
Instagram,Clear,cleararabia,Hair Care,Arabia,competitor,2024-03-01,28000,False
Instagram,Clear,cleararabia,Hair Care,Arabia,competitor,2024-04-01,27481,False
Instagram,Clear,cleararabia,Hair Care,Arabia,competitor,2024-05-01,27400,False
Instagram,Clear,cleararabia,Hair Care,Arabia,competitor,2024-06-01,27354,False
Instagram,Clear,cleararabia,Hair Care,Arabia,competitor,2024-07-01,27323,False
Instagram,Clear,cleararabia,Hair Care,Arabia,competitor,2024-08-01,27292,False
Instagram,Clear,cleararabia,Hair Care,Arabia,competitor,2024-09-01,27308,False
Instagram,Clear,cleararabia,Hair Care,Arabia,competitor,2024-10-01,27436,False
Instagram,Clear,cleararabia,Hair Care,Arabia,competitor,2025-01-01,27641,False
Instagram,Clear,cleararabia,Hair Care,Arabia,competitor,2025-02-01,27769,False
Instagram,Clear,cleararabia,Hair Care,Arabia,competitor,2025-03-01,28000,False
Instagram,Clear,cleararabia,Hair Care,Arabia,competitor,2025-04-01,28020,False
Instagram,Clear,cleararabia,Hair Care,Arabia,competitor,2025-05-01,28127,False
Instagram,Clear,cleararabia,Hair Care,Arabia,competitor,2025-06-01,28209,False
Instagram,Clear,cleararabia,Hair Care,Arabia,competitor,2025-08-01,28095,False
Instagram,Clear,cleararabia,Hair Care,Arabia,competitor,2025-09-01,28000,False
Instagram,Clear,cleararabia,Hair Care,Arabia,competitor,2025-10-01,27975,False
Instagram,Clear,cleararabia,Hair Care,Arabia,competitor,2025-11-25,27907,False
Instagram,Clear,cleararabia,Hair Care,Arabia,competitor,2025-12-25,27845,False
Instagram,Clear,cleararabia,Hair Care,Arabia,competitor,2026-01-01,27745,False
Instagram,Clear,cleararabia,Hair Care,Arabia,competitor,2026-02-01,27734,False
Instagram,Clear,cleararabia,Hair Care,Arabia,competitor,2026-03-01,27650,False
Instagram,Clear,cleararabia,Hair Care,Arabia,competitor,2026-04-01,27603,False
Instagram,Clear,cleararabia,Hair Care,Arabia,competitor,2026-05-01,27277,False
Instagram,Clear,cleararabia,Hair Care,Arabia,competitor,2026-06-01,27416,False
Instagram,CloseUp,closeuparabia,Oral Care,Arabia,competitor,2022-12-01,6534,False
Instagram,CloseUp,closeuparabia,Oral Care,Arabia,competitor,2023-01-01,6511,False
Instagram,CloseUp,closeuparabia,Oral Care,Arabia,competitor,2023-02-01,6891,False
Instagram,CloseUp,closeuparabia,Oral Care,Arabia,competitor,2023-03-01,22400,True
Instagram,CloseUp,closeuparabia,Oral Care,Arabia,competitor,2023-04-01,6968,True
Instagram,CloseUp,closeuparabia,Oral Care,Arabia,competitor,2023-05-01,7001,False
Instagram,CloseUp,closeuparabia,Oral Care,Arabia,competitor,2023-06-01,6985,False
Instagram,CloseUp,closeuparabia,Oral Care,Arabia,competitor,2023-07-01,6975,False
Instagram,CloseUp,closeuparabia,Oral Care,Arabia,competitor,2023-08-01,6965,False
Instagram,CloseUp,closeuparabia,Oral Care,Arabia,competitor,2023-09-01,7544,False
Instagram,CloseUp,closeuparabia,Oral Care,Arabia,competitor,2023-10-01,7672,False
Instagram,CloseUp,closeuparabia,Oral Care,Arabia,competitor,2023-11-01,7719,False
Instagram,CloseUp,closeuparabia,Oral Care,Arabia,competitor,2023-12-01,7706,False
Instagram,CloseUp,closeuparabia,Oral Care,Arabia,competitor,2024-01-01,7706,False
Instagram,CloseUp,closeuparabia,Oral Care,Arabia,competitor,2024-02-01,7699,False
Instagram,CloseUp,closeuparabia,Oral Care,Arabia,competitor,2024-03-01,7802,False
Instagram,CloseUp,closeuparabia,Oral Care,Arabia,competitor,2025-04-01,7986,False
Instagram,CloseUp,closeuparabia,Oral Care,Arabia,competitor,2025-05-01,8029,False
Instagram,CloseUp,closeuparabia,Oral Care,Arabia,competitor,2025-06-01,8180,False
Instagram,CloseUp,closeuparabia,Oral Care,Arabia,competitor,2025-08-01,8191,False
Instagram,CloseUp,closeuparabia,Oral Care,Arabia,competitor,2025-09-01,8171,False
Instagram,CloseUp,closeuparabia,Oral Care,Arabia,competitor,2025-10-01,8439,False
Instagram,CloseUp,closeuparabia,Oral Care,Arabia,competitor,2025-11-25,8574,False
Instagram,CloseUp,closeuparabia,Oral Care,Arabia,competitor,2025-12-25,8655,False
Instagram,CloseUp,closeuparabia,Oral Care,Arabia,competitor,2026-01-01,8812,False
Instagram,CloseUp,closeuparabia,Oral Care,Arabia,competitor,2026-02-01,8939,False
Instagram,CloseUp,closeuparabia,Oral Care,Arabia,competitor,2026-03-01,8922,False
Instagram,CloseUp,closeuparabia,Oral Care,Arabia,competitor,2026-04-01,8900,False
Instagram,CloseUp,closeuparabia,Oral Care,Arabia,competitor,2026-05-01,8819,False
Instagram,CloseUp,closeuparabia,Oral Care,Arabia,competitor,2026-06-01,8782,False
Instagram,Colgate,colgatearabia,Oral Care,Arabia,competitor,2022-12-01,4423,False
Instagram,Colgate,colgatearabia,Oral Care,Arabia,competitor,2023-01-01,4440,False
Instagram,Colgate,colgatearabia,Oral Care,Arabia,competitor,2023-02-01,4622,False
Instagram,Colgate,colgatearabia,Oral Care,Arabia,competitor,2023-03-01,4724,False
Instagram,Colgate,colgatearabia,Oral Care,Arabia,competitor,2023-04-01,4841,False
Instagram,Colgate,colgatearabia,Oral Care,Arabia,competitor,2023-05-01,5010,False
Instagram,Colgate,colgatearabia,Oral Care,Arabia,competitor,2023-06-01,9993,False
Instagram,Colgate,colgatearabia,Oral Care,Arabia,competitor,2023-07-01,9874,False
Instagram,Colgate,colgatearabia,Oral Care,Arabia,competitor,2023-08-01,9866,False
Instagram,Colgate,colgatearabia,Oral Care,Arabia,competitor,2023-09-01,9821,False
Instagram,Colgate,colgatearabia,Oral Care,Arabia,competitor,2023-10-01,9870,False
Instagram,Colgate,colgatearabia,Oral Care,Arabia,competitor,2023-11-01,10000,False
Instagram,Colgate,colgatearabia,Oral Care,Arabia,competitor,2023-12-01,10000,False
Instagram,Colgate,colgatearabia,Oral Care,Arabia,competitor,2024-01-01,10000,False
Instagram,Colgate,colgatearabia,Oral Care,Arabia,competitor,2024-02-01,10200,False
Instagram,Colgate,colgatearabia,Oral Care,Arabia,competitor,2024-03-01,10200,False
Instagram,Colgate,colgatearabia,Oral Care,Arabia,competitor,2024-04-01,10249,False
Instagram,Colgate,colgatearabia,Oral Care,Arabia,competitor,2024-05-01,10205,False
Instagram,Colgate,colgatearabia,Oral Care,Arabia,competitor,2024-06-01,10171,False
Instagram,Colgate,colgatearabia,Oral Care,Arabia,competitor,2024-07-01,10168,False
Instagram,Colgate,colgatearabia,Oral Care,Arabia,competitor,2024-08-01,10173,False
Instagram,Colgate,colgatearabia,Oral Care,Arabia,competitor,2024-09-01,10061,False
Instagram,Colgate,colgatearabia,Oral Care,Arabia,competitor,2024-10-01,10041,False
Instagram,Colgate,colgatearabia,Oral Care,Arabia,competitor,2025-01-01,10482,False
Instagram,Colgate,colgatearabia,Oral Care,Arabia,competitor,2025-02-01,10546,False
Instagram,Colgate,colgatearabia,Oral Care,Arabia,competitor,2025-03-01,10895,False
Instagram,Colgate,colgatearabia,Oral Care,Arabia,competitor,2025-04-01,11237,False
Instagram,Colgate,colgatearabia,Oral Care,Arabia,competitor,2025-05-01,11361,False
Instagram,Colgate,colgatearabia,Oral Care,Arabia,competitor,2025-06-01,11625,False
Instagram,Colgate,colgatearabia,Oral Care,Arabia,competitor,2025-08-01,11846,False
Instagram,Colgate,colgatearabia,Oral Care,Arabia,competitor,2025-09-01,11800,False
Instagram,Colgate,colgatearabia,Oral Care,Arabia,competitor,2025-10-01,11874,False
Instagram,Colgate,colgatearabia,Oral Care,Arabia,competitor,2025-11-25,12800,False
Instagram,Colgate,colgatearabia,Oral Care,Arabia,competitor,2025-12-25,14363,False
Instagram,Colgate,colgatearabia,Oral Care,Arabia,competitor,2026-01-01,14322,False
Instagram,Colgate,colgatearabia,Oral Care,Arabia,competitor,2026-02-01,14347,False
Instagram,Colgate,colgatearabia,Oral Care,Arabia,competitor,2026-03-01,14489,False
Instagram,Colgate,colgatearabia,Oral Care,Arabia,competitor,2026-04-01,14921,False
Instagram,Colgate,colgatearabia,Oral Care,Arabia,competitor,2026-05-01,14922,False
Instagram,Colgate,colgatearabia,Oral Care,Arabia,competitor,2026-06-01,15007,False
Instagram,Cosmo Cosmtics UAE,cosmocosmeticsuae,Skin Care,Arabia,competitor,2026-02-01,104000,False
Instagram,Cosmo Cosmtics UAE,cosmocosmeticsuae,Skin Care,Arabia,competitor,2026-03-01,105123,False
Instagram,Cosmo Cosmtics UAE,cosmocosmeticsuae,Skin Care,Arabia,competitor,2026-04-01,104945,False
Instagram,Cosmo Cosmtics UAE,cosmocosmeticsuae,Skin Care,Arabia,competitor,2026-05-01,104572,False
Instagram,Cosmo Cosmtics UAE,cosmocosmeticsuae,Skin Care,Arabia,competitor,2026-06-01,104431,False
Instagram,Crest,crestarabia,Oral Care,Arabia,competitor,2022-12-01,9476,False
Instagram,Crest,crestarabia,Oral Care,Arabia,competitor,2023-01-01,9543,False
Instagram,Crest,crestarabia,Oral Care,Arabia,competitor,2023-02-01,9749,False
Instagram,Crest,crestarabia,Oral Care,Arabia,competitor,2023-03-01,9772,False
Instagram,Crest,crestarabia,Oral Care,Arabia,competitor,2023-04-01,9951,False
Instagram,Crest,crestarabia,Oral Care,Arabia,competitor,2023-05-01,10064,False
Instagram,Crest,crestarabia,Oral Care,Arabia,competitor,2023-06-01,9997,False
Instagram,Crest,crestarabia,Oral Care,Arabia,competitor,2023-07-01,9948,False
Instagram,Crest,crestarabia,Oral Care,Arabia,competitor,2023-08-01,9911,False
Instagram,Crest,crestarabia,Oral Care,Arabia,competitor,2023-09-01,9872,False
Instagram,Crest,crestarabia,Oral Care,Arabia,competitor,2023-10-01,9849,False
Instagram,Crest,crestarabia,Oral Care,Arabia,competitor,2023-11-01,9774,False
Instagram,Crest,crestarabia,Oral Care,Arabia,competitor,2023-12-01,9774,False
Instagram,Crest,crestarabia,Oral Care,Arabia,competitor,2024-01-01,9702,False
Instagram,Crest,crestarabia,Oral Care,Arabia,competitor,2024-02-01,9669,False
Instagram,Crest,crestarabia,Oral Care,Arabia,competitor,2024-03-01,9778,False
Instagram,Crest,crestarabia,Oral Care,Arabia,competitor,2025-09-01,9929,False
Instagram,Crest,crestarabia,Oral Care,Arabia,competitor,2025-10-01,9921,False
Instagram,Crest,crestarabia,Oral Care,Arabia,competitor,2025-11-25,9965,False
Instagram,Crest,crestarabia,Oral Care,Arabia,competitor,2025-12-25,9998,False
Instagram,Crest,crestarabia,Oral Care,Arabia,competitor,2026-01-01,10045,False
Instagram,Crest,crestarabia,Oral Care,Arabia,competitor,2026-02-01,10200,False
Instagram,Crest,crestarabia,Oral Care,Arabia,competitor,2026-03-01,10249,False
Instagram,Crest,crestarabia,Oral Care,Arabia,competitor,2026-04-01,10315,False
Instagram,Crest,crestarabia,Oral Care,Arabia,competitor,2026-05-01,10280,False
Instagram,Crest,crestarabia,Oral Care,Arabia,competitor,2026-06-01,10366,False
Instagram,Dabur Iraq,dabur.iraq,Hair Care/Skin Care,Iraq,dabur,2026-01-01,9,False
Instagram,Dabur Iraq,dabur.iraq,Hair Care/Skin Care,Iraq,dabur,2026-02-01,10,False
Instagram,Dabur Iraq,dabur.iraq,Hair Care/Skin Care,Iraq,dabur,2026-03-01,26,True
Instagram,Dabur Iraq,dabur.iraq,Hair Care/Skin Care,Iraq,dabur,2026-04-01,86,True
Instagram,Dabur Iraq,dabur.iraq,Hair Care/Skin Care,Iraq,dabur,2026-05-01,862,True
Instagram,Dabur Iraq,dabur.iraq,Hair Care/Skin Care,Iraq,dabur,2026-06-01,966,False
Instagram,Dabur,dabur.kazakh,Hair Care/Oral care,Kazak,dabur,2025-09-01,320,False
Instagram,Dabur,dabur.kazakh,Hair Care/Oral care,Kazak,dabur,2025-10-01,321,False
Instagram,Dabur,dabur.kazakh,Hair Care/Oral care,Kazak,dabur,2025-11-25,316,False
Instagram,Dabur,dabur.kazakh,Hair Care/Oral care,Kazak,dabur,2025-12-25,312,False
Instagram,Dabur,dabur.kazakh,Hair Care/Oral care,Kazak,dabur,2026-01-01,370,False
Instagram,Dabur,dabur.kazakh,Hair Care/Oral care,Kazak,dabur,2026-02-01,418,False
Instagram,Dabur,dabur.kazakh,Hair Care/Oral care,Kazak,dabur,2026-03-01,433,False
Instagram,Dabur,dabur.kazakh,Hair Care/Oral care,Kazak,dabur,2026-04-01,424,False
Instagram,Dabur,dabur.kazakh,Hair Care/Oral care,Kazak,dabur,2026-05-01,425,False
Instagram,Dabur,dabur.kazakh,Hair Care/Oral care,Kazak,dabur,2026-06-01,427,False
Instagram,Dabur,dabur.meswak,Oral Care,India,dabur,2025-09-01,7903,False
Instagram,Dabur,dabur.meswak,Oral Care,India,dabur,2025-10-01,8445,False
Instagram,Dabur,dabur.meswak,Oral Care,India,dabur,2025-11-25,8497,False
Instagram,Dabur,dabur.meswak,Oral Care,India,dabur,2025-12-25,8598,False
Instagram,Dabur,dabur.meswak,Oral Care,India,dabur,2026-01-01,9200,False
Instagram,Dabur,dabur.meswak,Oral Care,India,dabur,2026-02-01,10100,False
Instagram,Dabur,dabur.meswak,Oral Care,India,dabur,2026-03-01,10188,False
Instagram,Dabur,dabur.meswak,Oral Care,India,dabur,2026-04-01,11975,False
Instagram,Dabur,dabur.meswak,Oral Care,India,dabur,2026-05-01,11800,False
Instagram,Dabur,dabur.meswak,Oral Care,India,dabur,2026-06-01,17475,False
Instagram,Dabur,dabur.uzbek,Hair Care/Oral care,Uzbek,dabur,2025-09-01,2483,False
Instagram,Dabur,dabur.uzbek,Hair Care/Oral care,Uzbek,dabur,2025-10-01,2662,False
Instagram,Dabur,dabur.uzbek,Hair Care/Oral care,Uzbek,dabur,2025-11-25,2756,False
Instagram,Dabur,dabur.uzbek,Hair Care/Oral care,Uzbek,dabur,2025-12-25,2820,False
Instagram,Dabur,dabur.uzbek,Hair Care/Oral care,Uzbek,dabur,2026-01-01,3265,False
Instagram,Dabur,dabur.uzbek,Hair Care/Oral care,Uzbek,dabur,2026-02-01,4665,False
Instagram,Dabur,dabur.uzbek,Hair Care/Oral care,Uzbek,dabur,2026-03-01,4823,False
Instagram,Dabur,dabur.uzbek,Hair Care/Oral care,Uzbek,dabur,2026-04-01,4783,False
Instagram,Dabur,dabur.uzbek,Hair Care/Oral care,Uzbek,dabur,2026-05-01,4651,False
Instagram,Dabur,dabur.uzbek,Hair Care/Oral care,Uzbek,dabur,2026-06-01,4765,False
Instagram,Dabur East Africa,dabur_eastafrica,Oral Care,East Africa,dabur,2025-04-01,2580,False
Instagram,Dabur East Africa,dabur_eastafrica,Oral Care,East Africa,dabur,2025-05-01,2654,False
Instagram,Dabur East Africa,dabur_eastafrica,Oral Care,East Africa,dabur,2025-06-01,2764,False
Instagram,Dabur East Africa,dabur_eastafrica,Oral Care,East Africa,dabur,2025-09-01,2814,False
Instagram,Dabur East Africa,dabur_eastafrica,Oral Care,East Africa,dabur,2025-10-01,2829,False
Instagram,Dabur East Africa,dabur_eastafrica,Oral Care,East Africa,dabur,2025-11-25,2819,False
Instagram,Dabur East Africa,dabur_eastafrica,Oral Care,East Africa,dabur,2025-12-25,2822,False
Instagram,Dabur East Africa,dabur_eastafrica,Oral Care,East Africa,dabur,2026-01-01,2815,False
Instagram,Dabur East Africa,dabur_eastafrica,Oral Care,East Africa,dabur,2026-02-01,2815,False
Instagram,Dabur East Africa,dabur_eastafrica,Oral Care,East Africa,dabur,2026-03-01,2822,False
Instagram,Dabur East Africa,dabur_eastafrica,Oral Care,East Africa,dabur,2026-04-01,2816,False
Instagram,Dabur East Africa,dabur_eastafrica,Oral Care,East Africa,dabur,2026-05-01,2800,False
Instagram,Dabur East Africa,dabur_eastafrica,Oral Care,East Africa,dabur,2026-06-01,2797,False
Instagram,Dabur miswak,dabur_miswak,Oral Care,Egypt,dabur,2025-09-01,2939,False
Instagram,Dabur miswak,dabur_miswak,Oral Care,Egypt,dabur,2025-10-01,3075,False
Instagram,Dabur miswak,dabur_miswak,Oral Care,Egypt,dabur,2025-11-25,3115,False
Instagram,Dabur miswak,dabur_miswak,Oral Care,Egypt,dabur,2025-12-25,3221,False
Instagram,Dabur miswak,dabur_miswak,Oral Care,Egypt,dabur,2026-01-01,3442,False
Instagram,Dabur miswak,dabur_miswak,Oral Care,Egypt,dabur,2026-02-01,3564,False
Instagram,Dabur miswak,dabur_miswak,Oral Care,Egypt,dabur,2026-03-01,4255,False
Instagram,Dabur miswak,dabur_miswak,Oral Care,Egypt,dabur,2026-05-01,5435,False
Instagram,Dabur miswak,dabur_miswak,Oral Care,Egypt,dabur,2026-06-01,5491,False
Instagram,Dabur Amla,daburamlaarabia,Hair Care,Arabia,dabur,2022-12-01,5857,False
Instagram,Dabur Amla,daburamlaarabia,Hair Care,Arabia,dabur,2023-01-01,5865,False
Instagram,Dabur Amla,daburamlaarabia,Hair Care,Arabia,dabur,2023-02-01,5833,False
Instagram,Dabur Amla,daburamlaarabia,Hair Care,Arabia,dabur,2023-03-01,5815,False
Instagram,Dabur Amla,daburamlaarabia,Hair Care,Arabia,dabur,2023-04-01,5799,False
Instagram,Dabur Amla,daburamlaarabia,Hair Care,Arabia,dabur,2023-05-01,5882,False
Instagram,Dabur Amla,daburamlaarabia,Hair Care,Arabia,dabur,2023-06-01,5865,False
Instagram,Dabur Amla,daburamlaarabia,Hair Care,Arabia,dabur,2023-07-01,5849,False
Instagram,Dabur Amla,daburamlaarabia,Hair Care,Arabia,dabur,2023-08-01,5858,False
Instagram,Dabur Amla,daburamlaarabia,Hair Care,Arabia,dabur,2023-09-01,5823,False
Instagram,Dabur Amla,daburamlaarabia,Hair Care,Arabia,dabur,2023-10-01,5829,False
Instagram,Dabur Amla,daburamlaarabia,Hair Care,Arabia,dabur,2023-11-01,5860,False
Instagram,Dabur Amla,daburamlaarabia,Hair Care,Arabia,dabur,2023-12-01,5860,False
Instagram,Dabur Amla,daburamlaarabia,Hair Care,Arabia,dabur,2024-01-01,5860,False
Instagram,Dabur Amla,daburamlaarabia,Hair Care,Arabia,dabur,2024-02-01,5859,False
Instagram,Dabur Amla,daburamlaarabia,Hair Care,Arabia,dabur,2024-03-01,5879,False
Instagram,Dabur Amla,daburamlaarabia,Hair Care,Arabia,dabur,2024-04-01,5866,False
Instagram,Dabur Amla,daburamlaarabia,Hair Care,Arabia,dabur,2024-05-01,5844,False
Instagram,Dabur Amla,daburamlaarabia,Hair Care,Arabia,dabur,2024-06-01,5944,False
Instagram,Dabur Amla,daburamlaarabia,Hair Care,Arabia,dabur,2024-07-01,6277,False
Instagram,Dabur Amla,daburamlaarabia,Hair Care,Arabia,dabur,2024-08-01,6410,False
Instagram,Dabur Amla,daburamlaarabia,Hair Care,Arabia,dabur,2024-09-01,9565,False
Instagram,Dabur Amla,daburamlaarabia,Hair Care,Arabia,dabur,2024-10-01,9340,False
Instagram,Dabur Amla,daburamlaarabia,Hair Care,Arabia,dabur,2025-01-01,10435,False
Instagram,Dabur Amla,daburamlaarabia,Hair Care,Arabia,dabur,2025-02-01,10669,False
Instagram,Dabur Amla,daburamlaarabia,Hair Care,Arabia,dabur,2025-03-01,11100,False
Instagram,Dabur Amla,daburamlaarabia,Hair Care,Arabia,dabur,2025-04-01,11647,False
Instagram,Dabur Amla,daburamlaarabia,Hair Care,Arabia,dabur,2025-05-01,11854,False
Instagram,Dabur Amla,daburamlaarabia,Hair Care,Arabia,dabur,2025-06-01,12073,False
Instagram,Dabur Amla,daburamlaarabia,Hair Care,Arabia,dabur,2025-08-01,12945,False
Instagram,Dabur Amla,daburamlaarabia,Hair Care,Arabia,dabur,2025-09-01,13300,False
Instagram,Dabur Amla,daburamlaarabia,Hair Care,Arabia,dabur,2025-10-01,13328,False
Instagram,Dabur Amla,daburamlaarabia,Hair Care,Arabia,dabur,2025-11-25,13425,False
Instagram,Dabur Amla,daburamlaarabia,Hair Care,Arabia,dabur,2025-12-25,13431,False
Instagram,Dabur Amla,daburamlaarabia,Hair Care,Arabia,dabur,2026-01-01,13441,False
Instagram,Dabur Amla,daburamlaarabia,Hair Care,Arabia,dabur,2026-02-01,13451,False
Instagram,Dabur Amla,daburamlaarabia,Hair Care,Arabia,dabur,2026-03-01,13455,False
Instagram,Dabur Amla,daburamlaarabia,Hair Care,Arabia,dabur,2026-04-01,13450,False
Instagram,Dabur Amla,daburamlaarabia,Hair Care,Arabia,dabur,2026-05-01,13363,False
Instagram,Dabur Amla,daburamlaarabia,Hair Care,Arabia,dabur,2026-06-01,13390,False
Instagram,Dabur Amla India,daburamlaindia,Hair Care,India,dabur,2025-04-01,21894,False
Instagram,Dabur Amla India,daburamlaindia,Hair Care,India,dabur,2025-05-01,24302,False
Instagram,Dabur Amla India,daburamlaindia,Hair Care,India,dabur,2025-06-01,27958,False
Instagram,Dabur Amla India,daburamlaindia,Hair Care,India,dabur,2025-08-01,28896,False
Instagram,Dabur Amla India,daburamlaindia,Hair Care,India,dabur,2025-09-01,29300,False
Instagram,Dabur Amla India,daburamlaindia,Hair Care,India,dabur,2025-10-01,29700,False
Instagram,Dabur Amla India,daburamlaindia,Hair Care,India,dabur,2025-11-25,29833,False
Instagram,Dabur Amla India,daburamlaindia,Hair Care,India,dabur,2025-12-25,29835,False
Instagram,Dabur Amla India,daburamlaindia,Hair Care,India,dabur,2026-01-01,30200,False
Instagram,Dabur Amla India,daburamlaindia,Hair Care,India,dabur,2026-02-01,30340,False
Instagram,Dabur Amla India,daburamlaindia,Hair Care,India,dabur,2026-03-01,32311,False
Instagram,Dabur Amla India,daburamlaindia,Hair Care,India,dabur,2026-04-01,33661,False
Instagram,Dabur Amla India,daburamlaindia,Hair Care,India,dabur,2026-05-01,33357,False
Instagram,Dabur Amla India,daburamlaindia,Hair Care,India,dabur,2026-06-01,33147,False
Instagram,Dabur,daburhealthcarearabia,Health Care,Arabia,dabur,2022-12-01,63,False
Instagram,Dabur,daburhealthcarearabia,Health Care,Arabia,dabur,2023-01-01,69,False
Instagram,Dabur,daburhealthcarearabia,Health Care,Arabia,dabur,2023-02-01,70,False
Instagram,Dabur,daburhealthcarearabia,Health Care,Arabia,dabur,2023-03-01,72,False
Instagram,Dabur,daburhealthcarearabia,Health Care,Arabia,dabur,2023-04-01,74,False
Instagram,Dabur,daburhealthcarearabia,Health Care,Arabia,dabur,2023-05-01,73,False
Instagram,Dabur,daburhealthcarearabia,Health Care,Arabia,dabur,2023-06-01,73,False
Instagram,Dabur,daburhealthcarearabia,Health Care,Arabia,dabur,2023-07-01,73,False
Instagram,Dabur,daburhealthcarearabia,Health Care,Arabia,dabur,2023-08-01,73,False
Instagram,Dabur,daburhealthcarearabia,Health Care,Arabia,dabur,2023-09-01,73,False
Instagram,Dabur,daburhealthcarearabia,Health Care,Arabia,dabur,2023-10-01,72,False
Instagram,Dabur,daburhealthcarearabia,Health Care,Arabia,dabur,2023-11-01,73,False
Instagram,Dabur,daburhealthcarearabia,Health Care,Arabia,dabur,2023-12-01,73,False
Instagram,Dabur,daburhealthcarearabia,Health Care,Arabia,dabur,2024-01-01,70,False
Instagram,Dabur,daburhealthcarearabia,Health Care,Arabia,dabur,2024-02-01,70,False
Instagram,Dabur,daburhealthcarearabia,Health Care,Arabia,dabur,2024-03-01,72,False
Instagram,Dabur,daburhealthcarearabia,Health Care,Arabia,dabur,2025-09-01,3121,True
Instagram,Dabur,daburhealthcarearabia,Health Care,Arabia,dabur,2025-10-01,3121,False
Instagram,Dabur,daburhealthcarearabia,Health Care,Arabia,dabur,2025-11-25,3121,False
Instagram,Dabur,daburhealthcarearabia,Health Care,Arabia,dabur,2025-12-25,3122,False
Instagram,Dabur,daburhealthcarearabia,Health Care,Arabia,dabur,2026-01-01,3210,False
Instagram,Dabur,daburhealthcarearabia,Health Care,Arabia,dabur,2026-02-01,3314,False
Instagram,Dabur,daburhealthcarearabia,Health Care,Arabia,dabur,2026-03-01,3130,False
Instagram,Dabur,daburhealthcarearabia,Health Care,Arabia,dabur,2026-04-01,3093,False
Instagram,Dabur,daburhealthcarearabia,Health Care,Arabia,dabur,2026-05-01,3079,False
Instagram,Dabur,daburhealthcarearabia,Health Care,Arabia,dabur,2026-06-01,3077,False
Instagram,Dabur Herbal,daburherbal,Oral Care,Arabia,dabur,2022-12-01,1166,False
Instagram,Dabur Herbal,daburherbal,Oral Care,Arabia,dabur,2023-01-01,1195,False
Instagram,Dabur Herbal,daburherbal,Oral Care,Arabia,dabur,2023-02-01,1246,False
Instagram,Dabur Herbal,daburherbal,Oral Care,Arabia,dabur,2023-03-01,1273,False
Instagram,Dabur Herbal,daburherbal,Oral Care,Arabia,dabur,2023-04-01,1278,False
Instagram,Dabur Herbal,daburherbal,Oral Care,Arabia,dabur,2023-05-01,1296,False
Instagram,Dabur Herbal,daburherbal,Oral Care,Arabia,dabur,2023-06-01,1294,False
Instagram,Dabur Herbal,daburherbal,Oral Care,Arabia,dabur,2023-07-01,1310,False
Instagram,Dabur Herbal,daburherbal,Oral Care,Arabia,dabur,2023-08-01,1338,False
Instagram,Dabur Herbal,daburherbal,Oral Care,Arabia,dabur,2023-09-01,1399,False
Instagram,Dabur Herbal,daburherbal,Oral Care,Arabia,dabur,2023-10-01,1444,False
Instagram,Dabur Herbal,daburherbal,Oral Care,Arabia,dabur,2023-11-01,1471,False
Instagram,Dabur Herbal,daburherbal,Oral Care,Arabia,dabur,2023-12-01,1471,False
Instagram,Dabur Herbal,daburherbal,Oral Care,Arabia,dabur,2024-01-01,1501,False
Instagram,Dabur Herbal,daburherbal,Oral Care,Arabia,dabur,2024-02-01,1518,False
Instagram,Dabur Herbal,daburherbal,Oral Care,Arabia,dabur,2024-03-01,1514,False
Instagram,Dabur Herbal,daburherbal,Oral Care,Arabia,dabur,2025-04-01,5500,True
Instagram,Dabur Herbal,daburherbal,Oral Care,Arabia,dabur,2025-05-01,6420,False
Instagram,Dabur Herbal,daburherbal,Oral Care,Arabia,dabur,2025-06-01,7553,False
Instagram,Dabur Herbal,daburherbal,Oral Care,Arabia,dabur,2025-08-01,12290,False
Instagram,Dabur Herbal,daburherbal,Oral Care,Arabia,dabur,2025-09-01,12100,False
Instagram,Dabur Herbal,daburherbal,Oral Care,Arabia,dabur,2025-10-01,11993,False
Instagram,Dabur Herbal,daburherbal,Oral Care,Arabia,dabur,2025-11-25,12113,False
Instagram,Dabur Herbal,daburherbal,Oral Care,Arabia,dabur,2025-12-25,12010,False
Instagram,Dabur Herbal,daburherbal,Oral Care,Arabia,dabur,2026-01-01,11917,False
Instagram,Dabur Herbal,daburherbal,Oral Care,Arabia,dabur,2026-02-01,11936,False
Instagram,Dabur Herbal,daburherbal,Oral Care,Arabia,dabur,2026-03-01,12193,False
Instagram,Dabur Herbal,daburherbal,Oral Care,Arabia,dabur,2026-04-01,12292,False
Instagram,Dabur Herbal,daburherbal,Oral Care,Arabia,dabur,2026-05-01,12483,False
Instagram,Dabur Herbal,daburherbal,Oral Care,Arabia,dabur,2026-06-01,12489,False
Instagram,Dabur,daburherbalng,Oral Care,West Africa,dabur,2025-09-01,17200,False
Instagram,Dabur,daburherbalng,Oral Care,West Africa,dabur,2025-10-01,17100,False
Instagram,Dabur,daburherbalng,Oral Care,West Africa,dabur,2025-11-25,18000,False
Instagram,Dabur,daburherbalng,Oral Care,West Africa,dabur,2025-12-25,18600,False
Instagram,Dabur,daburhoneyarabia,Food,Arabia,dabur,2022-12-01,106,False
Instagram,Dabur,daburhoneyarabia,Food,Arabia,dabur,2023-01-01,109,False
Instagram,Dabur,daburhoneyarabia,Food,Arabia,dabur,2023-02-01,110,False
Instagram,Dabur,daburhoneyarabia,Food,Arabia,dabur,2023-03-01,111,False
Instagram,Dabur,daburhoneyarabia,Food,Arabia,dabur,2023-04-01,110,False
Instagram,Dabur,daburhoneyarabia,Food,Arabia,dabur,2023-05-01,110,False
Instagram,Dabur,daburhoneyarabia,Food,Arabia,dabur,2025-09-01,106,False
Instagram,Dabur,daburhoneyarabia,Food,Arabia,dabur,2025-10-01,106,False
Instagram,Dabur,daburhoneyarabia,Food,Arabia,dabur,2025-11-25,106,False
Instagram,Dabur,daburhoneyarabia,Food,Arabia,dabur,2025-12-25,106,False
Instagram,Dabur,daburhoneyarabia,Food,Arabia,dabur,2026-01-01,105,False
Instagram,Dabur,daburhoneyarabia,Food,Arabia,dabur,2026-02-01,105,False
Instagram,Dabur Red,daburredofficial,Oral Care,India,dabur,2025-09-01,67400,False
Instagram,Dabur Red,daburredofficial,Oral Care,India,dabur,2025-10-01,68800,False
Instagram,Dabur Red,daburredofficial,Oral Care,India,dabur,2025-11-25,67750,False
Instagram,Dabur Red,daburredofficial,Oral Care,India,dabur,2025-12-25,67800,False
Instagram,Dabur Red,daburredofficial,Oral Care,India,dabur,2026-01-01,70200,False
Instagram,Dabur Red,daburredofficial,Oral Care,India,dabur,2026-02-01,74300,False
Instagram,Dabur Red,daburredofficial,Oral Care,India,dabur,2026-03-01,77100,False
Instagram,Dabur Red,daburredofficial,Oral Care,India,dabur,2026-04-01,79568,False
Instagram,Dabur Red,daburredofficial,Oral Care,India,dabur,2026-05-01,83800,False
Instagram,Dabur Red,daburredofficial,Oral Care,India,dabur,2026-06-01,87000,False
Instagram,Vatika India,daburvatikahaircareindia,Hair Care,India,dabur,2025-04-01,6690,False
Instagram,Vatika India,daburvatikahaircareindia,Hair Care,India,dabur,2025-05-01,6720,False
Instagram,Vatika India,daburvatikahaircareindia,Hair Care,India,dabur,2025-06-01,6804,False
Instagram,Vatika India,daburvatikahaircareindia,Hair Care,India,dabur,2025-08-01,7224,False
Instagram,Vatika India,daburvatikahaircareindia,Hair Care,India,dabur,2025-09-01,7271,False
Instagram,Dark and Lovely,darkandlovelyafrica,Hair Care,Africa,competitor,2025-09-01,67700,False
Instagram,Dark and Lovely,darkandlovelyafrica,Hair Care,Africa,competitor,2025-10-01,69983,False
Instagram,Dark and Lovely,darkandlovelyafrica,Hair Care,Africa,competitor,2025-11-25,71659,False
Instagram,Dark and Lovely,darkandlovelyafrica,Hair Care,Africa,competitor,2025-12-25,71800,False
Instagram,Dark and Lovely,darkandlovelyafrica,Hair Care,Africa,competitor,2026-01-01,72453,False
Instagram,Dark and Lovely,darkandlovelyafrica,Hair Care,Africa,competitor,2026-02-01,72601,False
Instagram,Dark and Lovely,darkandlovelyafrica,Hair Care,Africa,competitor,2026-03-01,73270,False
Instagram,Dark and Lovely,darkandlovelyafrica,Hair Care,Africa,competitor,2026-04-01,74561,False
Instagram,Dark and Lovely,darkandlovelyafrica,Hair Care,Africa,competitor,2026-05-01,74576,False
Instagram,Dark and Lovely,darkandlovelyafrica,Hair Care,Africa,competitor,2026-06-01,75359,False
Instagram,Dermoviva Baby MiddleEast,dermovivababy,Skin Care,Arabia,dabur,2024-04-01,498,False
Instagram,Dermoviva Baby MiddleEast,dermovivababy,Skin Care,Arabia,dabur,2024-05-01,501,False
Instagram,Dermoviva Baby MiddleEast,dermovivababy,Skin Care,Arabia,dabur,2024-06-01,512,False
Instagram,Dermoviva Baby MiddleEast,dermovivababy,Skin Care,Arabia,dabur,2024-07-01,529,False
Instagram,Dermoviva Baby MiddleEast,dermovivababy,Skin Care,Arabia,dabur,2024-08-01,540,False
Instagram,Dermoviva Baby MiddleEast,dermovivababy,Skin Care,Arabia,dabur,2024-09-01,546,False
Instagram,Dermoviva Baby MiddleEast,dermovivababy,Skin Care,Arabia,dabur,2024-10-01,539,False
Instagram,Dermoviva Baby MiddleEast,dermovivababy,Skin Care,Arabia,dabur,2025-01-01,537,False
Instagram,Dermoviva Baby MiddleEast,dermovivababy,Skin Care,Arabia,dabur,2025-04-01,544,False
Instagram,Dermoviva Baby MiddleEast,dermovivababy,Skin Care,Arabia,dabur,2025-05-01,547,False
Instagram,Dermoviva Baby MiddleEast,dermovivababy,Skin Care,Arabia,dabur,2025-06-01,553,False
Instagram,Dermoviva Baby MiddleEast,dermovivababy,Skin Care,Arabia,dabur,2025-08-01,551,False
Instagram,Dermoviva Baby MiddleEast,dermovivababy,Skin Care,Arabia,dabur,2025-09-01,552,False
Instagram,Dermoviva Baby MiddleEast,dermovivababy,Skin Care,Arabia,dabur,2025-10-01,555,False
Instagram,Dermoviva,dermovivausa,Skin Care,Arabia,dabur,2022-12-01,7112,False
Instagram,Dermoviva,dermovivausa,Skin Care,Arabia,dabur,2023-01-01,7176,False
Instagram,Dermoviva,dermovivausa,Skin Care,Arabia,dabur,2023-02-01,7204,False
Instagram,Dermoviva,dermovivausa,Skin Care,Arabia,dabur,2023-03-01,7201,False
Instagram,Dermoviva,dermovivausa,Skin Care,Arabia,dabur,2023-04-01,7199,False
Instagram,Dermoviva,dermovivausa,Skin Care,Arabia,dabur,2023-05-01,7207,False
Instagram,Dermoviva,dermovivausa,Skin Care,Arabia,dabur,2023-06-01,7183,False
Instagram,Dermoviva,dermovivausa,Skin Care,Arabia,dabur,2023-07-01,7419,False
Instagram,Dermoviva,dermovivausa,Skin Care,Arabia,dabur,2023-08-01,7135,False
Instagram,Dermoviva,dermovivausa,Skin Care,Arabia,dabur,2023-09-01,7132,False
Instagram,Dermoviva,dermovivausa,Skin Care,Arabia,dabur,2023-10-01,7153,False
Instagram,Dermoviva,dermovivausa,Skin Care,Arabia,dabur,2023-11-01,7135,False
Instagram,Dermoviva,dermovivausa,Skin Care,Arabia,dabur,2023-12-01,7135,False
Instagram,Dermoviva,dermovivausa,Skin Care,Arabia,dabur,2024-01-01,7119,False
Instagram,Dermoviva,dermovivausa,Skin Care,Arabia,dabur,2024-02-01,7125,False
Instagram,Dermoviva,dermovivausa,Skin Care,Arabia,dabur,2024-03-01,7150,False
Instagram,Dermoviva,dermovivausa,Skin Care,Arabia,dabur,2025-09-01,6904,False
Instagram,Dermoviva,dermovivausa,Skin Care,Arabia,dabur,2025-10-01,6888,False
Instagram,Dermoviva,dermovivausa,Skin Care,Arabia,dabur,2025-11-25,6885,False
Instagram,Dermoviva,dermovivausa,Skin Care,Arabia,dabur,2025-12-25,6883,False
Instagram,Dermoviva,dermovivausa,Skin Care,Arabia,dabur,2026-01-01,6884,False
Instagram,Dermoviva,dermovivausa,Skin Care,Arabia,dabur,2026-02-01,6857,False
Instagram,Dettol Arabia,dettolarabia,Skin Care,Arabia,competitor,2025-04-01,23002,False
Instagram,Dettol Arabia,dettolarabia,Skin Care,Arabia,competitor,2025-05-01,23068,False
Instagram,Dettol Arabia,dettolarabia,Skin Care,Arabia,competitor,2025-06-01,23123,False
Instagram,Dettol Arabia,dettolarabia,Skin Care,Arabia,competitor,2025-08-01,23444,False
Instagram,Dettol Arabia,dettolarabia,Skin Care,Arabia,competitor,2025-09-01,23500,False
Instagram,Dettol Arabia,dettolarabia,Skin Care,Arabia,competitor,2025-10-01,23582,False
Instagram,Dettol Arabia,dettolarabia,Skin Care,Arabia,competitor,2025-11-25,23510,False
Instagram,Dettol Arabia,dettolarabia,Skin Care,Arabia,competitor,2025-12-25,23478,False
Instagram,Dettol Arabia,dettolarabia,Skin Care,Arabia,competitor,2026-01-01,23535,False
Instagram,Dettol Arabia,dettolarabia,Skin Care,Arabia,competitor,2026-02-01,23662,False
Instagram,Dettol Arabia,dettolarabia,Skin Care,Arabia,competitor,2026-03-01,24917,False
Instagram,Dettol Arabia,dettolarabia,Skin Care,Arabia,competitor,2026-04-01,25073,False
Instagram,Dettol Arabia,dettolarabia,Skin Care,Arabia,competitor,2026-05-01,25170,False
Instagram,Dettol Arabia,dettolarabia,Skin Care,Arabia,competitor,2026-06-01,25073,False
Instagram,Dove,dove,Hair Care/Skin Care,Global,competitor,2022-12-01,775000,False
Instagram,Dove,dove,Hair Care/Skin Care,Global,competitor,2023-01-01,779000,False
Instagram,Dove,dove,Hair Care/Skin Care,Global,competitor,2023-02-01,793000,False
Instagram,Dove,dove,Hair Care/Skin Care,Global,competitor,2023-03-01,797000,False
Instagram,Dove,dove,Hair Care/Skin Care,Global,competitor,2023-04-01,816721,False
Instagram,Dove,dove,Hair Care/Skin Care,Global,competitor,2023-05-01,826019,False
Instagram,Dove,dove,Hair Care/Skin Care,Global,competitor,2023-06-01,834000,False
Instagram,Dove,dove,Hair Care/Skin Care,Global,competitor,2023-07-01,841000,False
Instagram,Dove,dove,Hair Care/Skin Care,Global,competitor,2023-08-01,845000,False
Instagram,Dove,dove,Hair Care/Skin Care,Global,competitor,2023-09-01,857000,False
Instagram,Dove,dove,Hair Care/Skin Care,Global,competitor,2023-10-01,864000,False
Instagram,Dove,dove,Hair Care/Skin Care,Global,competitor,2023-11-01,883000,False
Instagram,Dove,dove,Hair Care/Skin Care,Global,competitor,2023-12-01,896000,False
Instagram,Dove,dove,Hair Care/Skin Care,Global,competitor,2024-01-01,896000,False
Instagram,Dove,dove,Hair Care/Skin Care,Global,competitor,2024-02-01,912000,False
Instagram,Dove,dove,Hair Care/Skin Care,Global,competitor,2024-03-01,928000,False
Instagram,Dove,dove,Hair Care/Skin Care,Global,competitor,2024-04-01,944455,False
Instagram,Dove,dove,Hair Care/Skin Care,Global,competitor,2024-05-01,952516,False
Instagram,Dove,dove,Hair Care/Skin Care,Global,competitor,2024-06-01,968574,False
Instagram,Dove,dove,Hair Care/Skin Care,Global,competitor,2024-07-01,983685,False
Instagram,Dove,dove,Hair Care/Skin Care,Global,competitor,2024-08-01,985918,False
Instagram,Dove,dove,Hair Care/Skin Care,Global,competitor,2024-09-01,1000576,False
Instagram,Dove,dove,Hair Care/Skin Care,Global,competitor,2024-10-01,1012266,False
Instagram,Dove,dove,Hair Care/Skin Care,Global,competitor,2025-02-01,1055509,False
Instagram,Dove,dove,Hair Care/Skin Care,Global,competitor,2025-04-01,1083903,False
Instagram,Dove,dove,Hair Care/Skin Care,Global,competitor,2025-05-01,1097039,False
Instagram,Dove,dove,Hair Care/Skin Care,Global,competitor,2025-06-01,1141893,False
Instagram,Dove,dove,Hair Care/Skin Care,Global,competitor,2025-08-01,1182442,False
Instagram,Dove,dove,Hair Care/Skin Care,Global,competitor,2025-09-01,1200000,False
Instagram,Dove,dove,Hair Care/Skin Care,Global,competitor,2025-10-01,1200000,False
Instagram,Dove,dove,Hair Care/Skin Care,Global,competitor,2025-11-25,1200000,False
Instagram,Dove,dove,Hair Care/Skin Care,Global,competitor,2025-12-25,1200000,False
Instagram,Dove,dove,Hair Care/Skin Care,Global,competitor,2026-01-01,1200000,False
Instagram,Dove,dove,Hair Care/Skin Care,Global,competitor,2026-02-01,1200000,False
Instagram,Dove,dove,Hair Care/Skin Care,Global,competitor,2026-03-01,1200000,False
Instagram,Dove Men Arabia,dovemenarabia,Hair Care/Skin Care,Arabia,competitor,2025-04-01,3220,False
Instagram,Dove Men Arabia,dovemenarabia,Hair Care/Skin Care,Arabia,competitor,2025-05-01,3281,False
Instagram,Dove Men Arabia,dovemenarabia,Hair Care/Skin Care,Arabia,competitor,2025-06-01,3382,False
Instagram,Dove Men Arabia,dovemenarabia,Hair Care/Skin Care,Arabia,competitor,2025-08-01,3609,False
Instagram,Dove Men Arabia,dovemenarabia,Hair Care/Skin Care,Arabia,competitor,2025-09-01,3589,False
Instagram,Dove Men Arabia,dovemenarabia,Hair Care/Skin Care,Arabia,competitor,2025-10-01,3720,False
Instagram,Dove Men Arabia,dovemenarabia,Hair Care/Skin Care,Arabia,competitor,2025-11-25,3875,False
Instagram,Dove Men Arabia,dovemenarabia,Hair Care/Skin Care,Arabia,competitor,2025-12-25,3883,False
Instagram,Dove Men Arabia,dovemenarabia,Hair Care/Skin Care,Arabia,competitor,2026-01-01,3862,False
Instagram,Dove Men Arabia,dovemenarabia,Hair Care/Skin Care,Arabia,competitor,2026-02-01,3852,False
Instagram,Dove Men Arabia,dovemenarabia,Hair Care/Skin Care,Arabia,competitor,2026-03-01,3839,False
Instagram,Dove Men Arabia,dovemenarabia,Hair Care/Skin Care,Arabia,competitor,2026-04-01,3825,False
Instagram,Dove Men Arabia,dovemenarabia,Hair Care/Skin Care,Arabia,competitor,2026-05-01,3797,False
Instagram,Dove Men Arabia,dovemenarabia,Hair Care/Skin Care,Arabia,competitor,2026-06-01,3784,False
Instagram,Fa,fafeelfantastic,Skin Care,Africa,competitor,2025-09-01,16000,False
Instagram,Fa,fafeelfantastic,Skin Care,Africa,competitor,2025-10-01,16054,False
Instagram,Fa,fafeelfantastic,Skin Care,Africa,competitor,2025-11-25,16108,False
Instagram,Fa,fafeelfantastic,Skin Care,Africa,competitor,2025-12-25,16184,False
Instagram,Fa,fafeelfantastic,Skin Care,Africa,competitor,2026-01-01,16164,False
Instagram,Fa,fafeelfantastic,Skin Care,Africa,competitor,2026-02-01,16133,False
Instagram,Fem Africa,fem__africa,Depliatory ,Africa,dabur,2026-06-01,404,False
Instagram,Fem,femarabia,Skin Care,Arabia,dabur,2022-12-01,1548,False
Instagram,Fem,femarabia,Skin Care,Arabia,dabur,2023-01-01,1546,False
Instagram,Fem,femarabia,Skin Care,Arabia,dabur,2023-02-01,1541,False
Instagram,Fem,femarabia,Skin Care,Arabia,dabur,2023-03-01,1544,False
Instagram,Fem,femarabia,Skin Care,Arabia,dabur,2023-04-01,1543,False
Instagram,Fem,femarabia,Skin Care,Arabia,dabur,2023-05-01,1533,False
Instagram,Fem,femarabia,Skin Care,Arabia,dabur,2023-06-01,1528,False
Instagram,Fem,femarabia,Skin Care,Arabia,dabur,2023-07-01,1522,False
Instagram,Fem,femarabia,Skin Care,Arabia,dabur,2023-08-01,1518,False
Instagram,Fem,femarabia,Skin Care,Arabia,dabur,2023-09-01,1518,False
Instagram,Fem,femarabia,Skin Care,Arabia,dabur,2023-10-01,1514,False
Instagram,Fem,femarabia,Skin Care,Arabia,dabur,2023-11-01,1508,False
Instagram,Fem,femarabia,Skin Care,Arabia,dabur,2023-12-01,1508,False
Instagram,Fem,femarabia,Skin Care,Arabia,dabur,2024-01-01,1501,False
Instagram,Fem,femarabia,Skin Care,Arabia,dabur,2024-02-01,1502,False
Instagram,Fem,femarabia,Skin Care,Arabia,dabur,2024-03-01,1649,False
Instagram,Fem,femarabia,Skin Care,Arabia,dabur,2025-04-01,5106,True
Instagram,Fem,femarabia,Skin Care,Arabia,dabur,2025-05-01,5984,False
Instagram,Fem,femarabia,Skin Care,Arabia,dabur,2025-06-01,6457,False
Instagram,Fem,femarabia,Skin Care,Arabia,dabur,2025-08-01,6839,False
Instagram,Fem,femarabia,Skin Care,Arabia,dabur,2025-09-01,6879,False
Instagram,Fem,femarabia,Skin Care,Arabia,dabur,2025-10-01,7074,False
Instagram,Fem,femarabia,Skin Care,Arabia,dabur,2025-11-25,7127,False
Instagram,Fem,femarabia,Skin Care,Arabia,dabur,2025-12-25,7095,False
Instagram,Fem,femarabia,Skin Care,Arabia,dabur,2026-01-01,7034,False
Instagram,Fem,femarabia,Skin Care,Arabia,dabur,2026-02-01,7110,False
Instagram,Fem,femarabia,Skin Care,Arabia,dabur,2026-03-01,7305,False
Instagram,Fem,femarabia,Skin Care,Arabia,dabur,2026-04-01,7277,False
Instagram,Fem,femarabia,Skin Care,Arabia,dabur,2026-05-01,7343,False
Instagram,Fem,femarabia,Skin Care,Arabia,dabur,2026-06-01,8099,False
Instagram,Garnier,garnierarabia,Hair Care,Arabia,competitor,2022-12-01,252000,False
Instagram,Garnier,garnierarabia,Hair Care,Arabia,competitor,2023-01-01,253000,False
Instagram,Garnier,garnierarabia,Hair Care,Arabia,competitor,2023-02-01,253000,False
Instagram,Garnier,garnierarabia,Hair Care,Arabia,competitor,2023-03-01,253000,False
Instagram,Garnier,garnierarabia,Hair Care,Arabia,competitor,2023-04-01,254074,False
Instagram,Garnier,garnierarabia,Hair Care,Arabia,competitor,2023-05-01,254193,False
Instagram,Garnier,garnierarabia,Hair Care,Arabia,competitor,2023-06-01,256000,False
Instagram,Garnier,garnierarabia,Hair Care,Arabia,competitor,2023-07-01,257000,False
Instagram,Garnier,garnierarabia,Hair Care,Arabia,competitor,2023-08-01,257000,False
Instagram,Garnier,garnierarabia,Hair Care,Arabia,competitor,2023-09-01,435000,False
Instagram,Garnier,garnierarabia,Hair Care,Arabia,competitor,2023-10-01,258000,False
Instagram,Garnier,garnierarabia,Hair Care,Arabia,competitor,2023-11-01,258000,False
Instagram,Garnier,garnierarabia,Hair Care,Arabia,competitor,2023-12-01,257000,False
Instagram,Garnier,garnierarabia,Hair Care,Arabia,competitor,2024-01-01,257000,False
Instagram,Garnier,garnierarabia,Hair Care,Arabia,competitor,2024-02-01,257000,False
Instagram,Garnier,garnierarabia,Hair Care,Arabia,competitor,2024-03-01,257000,False
Instagram,Garnier,garnierarabia,Hair Care,Arabia,competitor,2024-04-01,257520,False
Instagram,Garnier,garnierarabia,Hair Care,Arabia,competitor,2024-05-01,256779,False
Instagram,Garnier,garnierarabia,Hair Care,Arabia,competitor,2024-06-01,256895,False
Instagram,Garnier,garnierarabia,Hair Care,Arabia,competitor,2024-07-01,257075,False
Instagram,Garnier,garnierarabia,Hair Care,Arabia,competitor,2024-08-01,257355,False
Instagram,Garnier,garnierarabia,Hair Care,Arabia,competitor,2024-09-01,257061,False
Instagram,Garnier,garnierarabia,Hair Care,Arabia,competitor,2024-10-01,256990,False
Instagram,Garnier,garnierarabia,Hair Care,Arabia,competitor,2025-01-01,261106,False
Instagram,Garnier,garnierarabia,Hair Care,Arabia,competitor,2025-02-01,262035,False
Instagram,Garnier,garnierarabia,Hair Care,Arabia,competitor,2025-03-01,275000,False
Instagram,Garnier,garnierarabia,Hair Care,Arabia,competitor,2025-04-01,278008,False
Instagram,Garnier,garnierarabia,Hair Care,Arabia,competitor,2025-05-01,281173,False
Instagram,Garnier,garnierarabia,Hair Care,Arabia,competitor,2025-06-01,291623,False
Instagram,Garnier,garnierarabia,Hair Care,Arabia,competitor,2025-08-01,301573,False
Instagram,Garnier,garnierarabia,Hair Care,Arabia,competitor,2025-09-01,33722,True
Instagram,Garnier,garnierarabia,Hair Care,Arabia,competitor,2025-10-01,305989,True
Instagram,Garnier,garnierarabia,Hair Care,Arabia,competitor,2025-11-25,306737,False
Instagram,Garnier,garnierarabia,Hair Care,Arabia,competitor,2025-12-25,306549,False
Instagram,Garnier,garnierarabia,Hair Care,Arabia,competitor,2026-01-01,307342,False
Instagram,Garnier,garnierarabia,Hair Care,Arabia,competitor,2026-02-01,309077,False
Instagram,Garnier,garnierarabia,Hair Care,Arabia,competitor,2026-03-01,311640,False
Instagram,Garnier,garnierarabia,Hair Care,Arabia,competitor,2026-04-01,312259,False
Instagram,Garnier,garnierarabia,Hair Care,Arabia,competitor,2026-05-01,307986,False
Instagram,Garnier,garnierarabia,Hair Care,Arabia,competitor,2026-06-01,310448,False
Instagram,Gillette Venus,gillettevenus,Depliatory ,Global,competitor,2026-01-01,100000,False
Instagram,Gillette Venus,gillettevenus,Depliatory ,Global,competitor,2026-02-01,101000,False
Instagram,Gillette Venus,gillettevenus,Depliatory ,Global,competitor,2026-03-01,102943,False
Instagram,Gillette Venus,gillettevenus,Depliatory ,Global,competitor,2026-04-01,104073,False
Instagram,Gillette Venus,gillettevenus,Depliatory ,Global,competitor,2026-05-01,103000,False
Instagram,Gillette Venus,gillettevenus,Depliatory ,Global,competitor,2026-06-01,104487,False
Instagram,Hask UAE,haskuae,Hair Care,Arabia,competitor,2026-02-01,10100,False
Instagram,Hask UAE,haskuae,Hair Care,Arabia,competitor,2026-03-01,10147,False
Instagram,Hask UAE,haskuae,Hair Care,Arabia,competitor,2026-04-01,10162,False
Instagram,Hask UAE,haskuae,Hair Care,Arabia,competitor,2026-05-01,10400,False
Instagram,Hask UAE,haskuae,Hair Care,Arabia,competitor,2026-06-01,10624,False
Instagram,Head & Shoulders,headandshouldersar,Hair Care,Arabia,competitor,2022-12-01,27000,False
Instagram,Head & Shoulders,headandshouldersar,Hair Care,Arabia,competitor,2023-01-01,27200,False
Instagram,Head & Shoulders,headandshouldersar,Hair Care,Arabia,competitor,2023-02-01,27600,False
Instagram,Head & Shoulders,headandshouldersar,Hair Care,Arabia,competitor,2023-03-01,27900,False
Instagram,Head & Shoulders,headandshouldersar,Hair Care,Arabia,competitor,2023-04-01,28091,False
Instagram,Head & Shoulders,headandshouldersar,Hair Care,Arabia,competitor,2023-05-01,28652,False
Instagram,Head & Shoulders,headandshouldersar,Hair Care,Arabia,competitor,2023-06-01,29000,False
Instagram,Head & Shoulders,headandshouldersar,Hair Care,Arabia,competitor,2023-07-01,29400,False
Instagram,Head & Shoulders,headandshouldersar,Hair Care,Arabia,competitor,2023-08-01,29800,False
Instagram,Head & Shoulders,headandshouldersar,Hair Care,Arabia,competitor,2023-09-01,30300,False
Instagram,Head & Shoulders,headandshouldersar,Hair Care,Arabia,competitor,2023-10-01,30500,False
Instagram,Head & Shoulders,headandshouldersar,Hair Care,Arabia,competitor,2023-11-01,31000,False
Instagram,Head & Shoulders,headandshouldersar,Hair Care,Arabia,competitor,2023-12-01,31000,False
Instagram,Head & Shoulders,headandshouldersar,Hair Care,Arabia,competitor,2024-01-01,31000,False
Instagram,Head & Shoulders,headandshouldersar,Hair Care,Arabia,competitor,2024-02-01,30800,False
Instagram,Head & Shoulders,headandshouldersar,Hair Care,Arabia,competitor,2024-03-01,31000,False
Instagram,Head & Shoulders,headandshouldersar,Hair Care,Arabia,competitor,2024-04-01,31113,False
Instagram,Head & Shoulders,headandshouldersar,Hair Care,Arabia,competitor,2024-05-01,31164,False
Instagram,Head & Shoulders,headandshouldersar,Hair Care,Arabia,competitor,2024-06-01,31279,False
Instagram,Head & Shoulders,headandshouldersar,Hair Care,Arabia,competitor,2024-07-01,31339,False
Instagram,Head & Shoulders,headandshouldersar,Hair Care,Arabia,competitor,2024-08-01,31482,False
Instagram,Head & Shoulders,headandshouldersar,Hair Care,Arabia,competitor,2024-09-01,31835,False
Instagram,Head & Shoulders,headandshouldersar,Hair Care,Arabia,competitor,2024-10-01,31890,False
Instagram,Head & Shoulders,headandshouldersar,Hair Care,Arabia,competitor,2025-01-01,31863,False
Instagram,Head & Shoulders,headandshouldersar,Hair Care,Arabia,competitor,2025-02-01,31801,False
Instagram,Head & Shoulders,headandshouldersar,Hair Care,Arabia,competitor,2025-03-01,31900,False
Instagram,Head & Shoulders,headandshouldersar,Hair Care,Arabia,competitor,2025-04-01,32138,False
Instagram,Head & Shoulders,headandshouldersar,Hair Care,Arabia,competitor,2025-05-01,32352,False
Instagram,Head & Shoulders,headandshouldersar,Hair Care,Arabia,competitor,2025-06-01,32347,False
Instagram,Head & Shoulders,headandshouldersar,Hair Care,Arabia,competitor,2025-08-01,32767,False
Instagram,Head & Shoulders,headandshouldersar,Hair Care,Arabia,competitor,2025-09-01,33000,False
Instagram,Head & Shoulders,headandshouldersar,Hair Care,Arabia,competitor,2025-10-01,32979,False
Instagram,Head & Shoulders,headandshouldersar,Hair Care,Arabia,competitor,2025-11-25,32934,False
Instagram,Head & Shoulders,headandshouldersar,Hair Care,Arabia,competitor,2025-12-25,32934,False
Instagram,Head & Shoulders,headandshouldersar,Hair Care,Arabia,competitor,2026-01-01,33020,False
Instagram,Head & Shoulders,headandshouldersar,Hair Care,Arabia,competitor,2026-02-01,33100,False
Instagram,Head & Shoulders,headandshouldersar,Hair Care,Arabia,competitor,2026-03-01,38256,False
Instagram,Head & Shoulders,headandshouldersar,Hair Care,Arabia,competitor,2026-04-01,38026,False
Instagram,Head & Shoulders,headandshouldersar,Hair Care,Arabia,competitor,2026-05-01,37496,False
Instagram,Head & Shoulders,headandshouldersar,Hair Care,Arabia,competitor,2026-06-01,38272,False
Instagram,Herbal Essences,herbalessencesarabia,Hair Care,Arabia,competitor,2022-12-01,138000,False
Instagram,Herbal Essences,herbalessencesarabia,Hair Care,Arabia,competitor,2023-01-01,138000,False
Instagram,Herbal Essences,herbalessencesarabia,Hair Care,Arabia,competitor,2023-02-01,138000,False
Instagram,Herbal Essences,herbalessencesarabia,Hair Care,Arabia,competitor,2023-03-01,138000,False
Instagram,Herbal Essences,herbalessencesarabia,Hair Care,Arabia,competitor,2023-04-01,140381,False
Instagram,Herbal Essences,herbalessencesarabia,Hair Care,Arabia,competitor,2023-05-01,141465,False
Instagram,Herbal Essences,herbalessencesarabia,Hair Care,Arabia,competitor,2023-06-01,143000,False
Instagram,Herbal Essences,herbalessencesarabia,Hair Care,Arabia,competitor,2023-07-01,144000,False
Instagram,Herbal Essences,herbalessencesarabia,Hair Care,Arabia,competitor,2023-08-01,145000,False
Instagram,Herbal Essences,herbalessencesarabia,Hair Care,Arabia,competitor,2023-09-01,145000,False
Instagram,Herbal Essences,herbalessencesarabia,Hair Care,Arabia,competitor,2023-10-01,145000,False
Instagram,Herbal Essences,herbalessencesarabia,Hair Care,Arabia,competitor,2023-11-01,145000,False
Instagram,Herbal Essences,herbalessencesarabia,Hair Care,Arabia,competitor,2023-12-01,144000,False
Instagram,Herbal Essences,herbalessencesarabia,Hair Care,Arabia,competitor,2024-01-01,144000,False
Instagram,Herbal Essences,herbalessencesarabia,Hair Care,Arabia,competitor,2024-02-01,142000,False
Instagram,Herbal Essences,herbalessencesarabia,Hair Care,Arabia,competitor,2024-03-01,142000,False
Instagram,Herbal Essences,herbalessencesarabia,Hair Care,Arabia,competitor,2024-04-01,141794,False
Instagram,Herbal Essences,herbalessencesarabia,Hair Care,Arabia,competitor,2024-05-01,140928,False
Instagram,Herbal Essences,herbalessencesarabia,Hair Care,Arabia,competitor,2024-06-01,140556,False
Instagram,Herbal Essences,herbalessencesarabia,Hair Care,Arabia,competitor,2024-07-01,140445,False
Instagram,Herbal Essences,herbalessencesarabia,Hair Care,Arabia,competitor,2024-08-01,140356,False
Instagram,Herbal Essences,herbalessencesarabia,Hair Care,Arabia,competitor,2024-09-01,139885,False
Instagram,Herbal Essences,herbalessencesarabia,Hair Care,Arabia,competitor,2024-10-01,139738,False
Instagram,Herbal Essences,herbalessencesarabia,Hair Care,Arabia,competitor,2025-01-01,138412,False
Instagram,Herbal Essences,herbalessencesarabia,Hair Care,Arabia,competitor,2025-02-01,139254,False
Instagram,Herbal Essences,herbalessencesarabia,Hair Care,Arabia,competitor,2025-03-01,139370,False
Instagram,Herbal Essences,herbalessencesarabia,Hair Care,Arabia,competitor,2025-04-01,139554,False
Instagram,Herbal Essences,herbalessencesarabia,Hair Care,Arabia,competitor,2025-05-01,138972,False
Instagram,Herbal Essences,herbalessencesarabia,Hair Care,Arabia,competitor,2025-06-01,138404,False
Instagram,Herbal Essences,herbalessencesarabia,Hair Care,Arabia,competitor,2025-08-01,137727,False
Instagram,Herbal Essences,herbalessencesarabia,Hair Care,Arabia,competitor,2025-09-01,137700,False
Instagram,Herbal Essences,herbalessencesarabia,Hair Care,Arabia,competitor,2025-10-01,137580,False
Instagram,Herbal Essences,herbalessencesarabia,Hair Care,Arabia,competitor,2025-11-25,137298,False
Instagram,Herbal Essences,herbalessencesarabia,Hair Care,Arabia,competitor,2025-12-25,137050,False
Instagram,Herbal Essences,herbalessencesarabia,Hair Care,Arabia,competitor,2026-01-01,137082,False
Instagram,Herbal Essences,herbalessencesarabia,Hair Care,Arabia,competitor,2026-02-01,137186,False
Instagram,Herbal Essences,herbalessencesarabia,Hair Care,Arabia,competitor,2026-03-01,137357,False
Instagram,Herbal Essences,herbalessencesarabia,Hair Care,Arabia,competitor,2026-04-01,137713,False
Instagram,Herbal Essences,herbalessencesarabia,Hair Care,Arabia,competitor,2026-05-01,136441,False
Instagram,Herbal Essences,herbalessencesarabia,Hair Care,Arabia,competitor,2026-06-01,137449,False
Instagram,Herbolene,herbolenearabia,Skin Care,Middle East,dabur,2022-12-01,14,False
Instagram,Herbolene,herbolenearabia,Skin Care,Middle East,dabur,2023-01-01,144,True
Instagram,Herbolene,herbolenearabia,Skin Care,Middle East,dabur,2023-02-01,144,False
Instagram,Herbolene,herbolenearabia,Skin Care,Middle East,dabur,2023-03-01,144,False
Instagram,Herbolene,herbolenearabia,Skin Care,Middle East,dabur,2023-04-01,145,False
Instagram,Herbolene,herbolenearabia,Skin Care,Middle East,dabur,2023-05-01,145,False
Instagram,Herbolene,herbolenearabia,Skin Care,Middle East,dabur,2023-06-01,145,False
Instagram,Herbolene,herbolenearabia,Skin Care,Middle East,dabur,2023-07-01,147,False
Instagram,Herbolene,herbolenearabia,Skin Care,Middle East,dabur,2023-08-01,147,False
Instagram,Herbolene,herbolenearabia,Skin Care,Middle East,dabur,2023-09-01,149,False
Instagram,Herbolene,herbolenearabia,Skin Care,Middle East,dabur,2023-10-01,148,False
Instagram,Herbolene,herbolenearabia,Skin Care,Middle East,dabur,2023-11-01,145,False
Instagram,Herbolene,herbolenearabia,Skin Care,Middle East,dabur,2023-12-01,145,False
Instagram,Herbolene,herbolenearabia,Skin Care,Middle East,dabur,2024-01-01,146,False
Instagram,Herbolene,herbolenearabia,Skin Care,Middle East,dabur,2024-02-01,146,False
Instagram,Herbolene,herbolenearabia,Skin Care,Middle East,dabur,2024-03-01,146,False
Instagram,Herbolene,herbolenearabia,Skin Care,Middle East,dabur,2024-04-01,119,False
Instagram,Herbolene,herbolenearabia,Skin Care,Middle East,dabur,2024-05-01,126,False
Instagram,Herbolene,herbolenearabia,Skin Care,Middle East,dabur,2024-06-01,132,False
Instagram,Herbolene,herbolenearabia,Skin Care,Middle East,dabur,2024-07-01,133,False
Instagram,Herbolene,herbolenearabia,Skin Care,Middle East,dabur,2024-08-01,139,False
Instagram,Herbolene,herbolenearabia,Skin Care,Middle East,dabur,2024-09-01,150,False
Instagram,Herbolene,herbolenearabia,Skin Care,Middle East,dabur,2024-10-01,151,False
Instagram,Herbolene,herbolenearabia,Skin Care,Middle East,dabur,2025-01-01,153,False
Instagram,Herbolene,herbolenearabia,Skin Care,Middle East,dabur,2025-04-01,156,False
Instagram,Herbolene,herbolenearabia,Skin Care,Middle East,dabur,2025-05-01,155,False
Instagram,Herbolene,herbolenearabia,Skin Care,Middle East,dabur,2025-06-01,157,False
Instagram,Herbolene,herbolenearabia,Skin Care,Middle East,dabur,2025-08-01,158,False
Instagram,Herbolene,herbolenearabia,Skin Care,Middle East,dabur,2025-09-01,159,False
Instagram,Herbolene,herbolenearabia,Skin Care,Middle East,dabur,2025-10-01,162,False
Instagram,Herbolene,herbolenearabia,Skin Care,Middle East,dabur,2025-11-25,163,False
Instagram,Herbolene,herbolenearabia,Skin Care,Middle East,dabur,2025-12-25,164,False
Instagram,Herbolene,herbolenearabia,Skin Care,Middle East,dabur,2026-01-01,164,False
Instagram,Herbolene,herbolenearabia,Skin Care,Middle East,dabur,2026-02-01,165,False
Instagram,Herbolene,herbolenearabia,Skin Care,Middle East,dabur,2026-03-01,169,False
Instagram,Herbolene,herbolenearabia,Skin Care,Middle East,dabur,2026-04-01,169,False
Instagram,Herbolene,herbolenearabia,Skin Care,Middle East,dabur,2026-05-01,244,False
Instagram,Herbolene,herbolenearabia,Skin Care,Middle East,dabur,2026-06-01,279,False
Instagram,Himalaya,himalayaarabia,Skin Care,Arabia,competitor,2022-12-01,66100,False
Instagram,Himalaya,himalayaarabia,Skin Care,Arabia,competitor,2023-01-01,65900,False
Instagram,Himalaya,himalayaarabia,Skin Care,Arabia,competitor,2023-02-01,66000,False
Instagram,Himalaya,himalayaarabia,Skin Care,Arabia,competitor,2023-03-01,65900,False
Instagram,Himalaya,himalayaarabia,Skin Care,Arabia,competitor,2023-04-01,65913,False
Instagram,Himalaya,himalayaarabia,Skin Care,Arabia,competitor,2023-05-01,65912,False
Instagram,Himalaya,himalayaarabia,Skin Care,Arabia,competitor,2023-06-01,65800,False
Instagram,Himalaya,himalayaarabia,Skin Care,Arabia,competitor,2023-07-01,65700,False
Instagram,Himalaya,himalayaarabia,Skin Care,Arabia,competitor,2023-08-01,65600,False
Instagram,Himalaya,himalayaarabia,Skin Care,Arabia,competitor,2023-09-01,65700,False
Instagram,Himalaya,himalayaarabia,Skin Care,Arabia,competitor,2023-10-01,65500,False
Instagram,Himalaya,himalayaarabia,Skin Care,Arabia,competitor,2023-11-01,65500,False
Instagram,Himalaya,himalayaarabia,Skin Care,Arabia,competitor,2023-12-01,65500,False
Instagram,Himalaya,himalayaarabia,Skin Care,Arabia,competitor,2024-01-01,66000,False
Instagram,Himalaya,himalayaarabia,Skin Care,Arabia,competitor,2024-02-01,66000,False
Instagram,Himalaya,himalayaarabia,Skin Care,Arabia,competitor,2024-03-01,66000,False
Instagram,Himalaya,himalayaarabia,Skin Care,Arabia,competitor,2024-04-01,65600,False
Instagram,Himalaya,himalayaarabia,Skin Care,Arabia,competitor,2024-05-01,65853,False
Instagram,Himalaya,himalayaarabia,Skin Care,Arabia,competitor,2024-06-01,65969,False
Instagram,Himalaya,himalayaarabia,Skin Care,Arabia,competitor,2024-07-01,66100,False
Instagram,Himalaya,himalayaarabia,Skin Care,Arabia,competitor,2024-08-01,66158,False
Instagram,Himalaya,himalayaarabia,Skin Care,Arabia,competitor,2024-09-01,66075,False
Instagram,Himalaya,himalayaarabia,Skin Care,Arabia,competitor,2024-10-01,66066,False
Instagram,Himalaya,himalayaarabia,Skin Care,Arabia,competitor,2025-01-01,65854,False
Instagram,Himalaya,himalayaarabia,Skin Care,Arabia,competitor,2025-02-01,65858,False
Instagram,Himalaya,himalayaarabia,Skin Care,Arabia,competitor,2025-03-01,65900,False
Instagram,Himalaya,himalayaarabia,Skin Care,Arabia,competitor,2025-04-01,66108,False
Instagram,Himalaya,himalayaarabia,Skin Care,Arabia,competitor,2025-05-01,66216,False
Instagram,Himalaya,himalayaarabia,Skin Care,Arabia,competitor,2025-06-01,67397,False
Instagram,Himalaya,himalayaarabia,Skin Care,Arabia,competitor,2025-08-01,67747,False
Instagram,Himalaya,himalayaarabia,Skin Care,Arabia,competitor,2025-09-01,68100,False
Instagram,Himalaya,himalayaarabia,Skin Care,Arabia,competitor,2025-10-01,68218,False
Instagram,Himalaya,himalayaarabia,Skin Care,Arabia,competitor,2025-11-25,68387,False
Instagram,Himalaya,himalayaarabia,Skin Care,Arabia,competitor,2025-12-25,68520,False
Instagram,Himalaya,himalayaarabia,Skin Care,Arabia,competitor,2026-01-01,68523,False
Instagram,Himalaya,himalayaarabia,Skin Care,Arabia,competitor,2026-02-01,68924,False
Instagram,Himalaya,himalayaarabia,Skin Care,Arabia,competitor,2026-03-01,68929,False
Instagram,Himalaya,himalayaarabia,Skin Care,Arabia,competitor,2026-04-01,68903,False
Instagram,Himalaya,himalayaarabia,Skin Care,Arabia,competitor,2026-05-01,67540,False
Instagram,Himalaya,himalayaarabia,Skin Care,Arabia,competitor,2026-06-01,67585,False
Instagram,Hobby East Africa,hobby_ea,,East Africa,dabur,2025-04-01,4798,False
Instagram,Hobby East Africa,hobby_ea,,East Africa,dabur,2025-05-01,4855,False
Instagram,Hobby East Africa,hobby_ea,,East Africa,dabur,2025-06-01,5022,False
Instagram,Hobby East Africa,hobby_ea,,East Africa,dabur,2025-08-01,5885,False
Instagram,Hobby East Africa,hobby_ea,,East Africa,dabur,2025-09-01,5957,False
Instagram,Hobby East Africa,hobby_ea,,East Africa,dabur,2025-10-01,5997,False
Instagram,Hobby East Africa,hobby_ea,,East Africa,dabur,2025-11-25,5992,False
Instagram,Hobby East Africa,hobby_ea,,East Africa,dabur,2025-12-25,5990,False
Instagram,Hobby East Africa,hobby_ea,Hair Care/Skin Care,East Africa,dabur,2026-01-01,6006,False
Instagram,Hobby East Africa,hobby_ea,,East Africa,dabur,2026-01-26,6006,False
Instagram,Hobby East Africa,hobby_ea,Hair Care/Skin Care,East Africa,dabur,2026-02-01,6114,False
Instagram,Hobby East Africa,hobby_ea,,East Africa,dabur,2026-02-24,6114,False
Instagram,Hobby East Africa,hobby_ea,Hair Care/Skin Care,East Africa,dabur,2026-03-01,6188,False
Instagram,Hobby East Africa,hobby_ea,,East Africa,dabur,2026-03-24,6188,False
Instagram,Hobby East Africa,hobby_ea,,East Africa,dabur,2026-04-01,6875,False
Instagram,Hobby East Africa,hobby_ea,Hair Care/Skin Care,East Africa,dabur,2026-05-01,7320,False
Instagram,Hobby East Africa,hobby_ea,,East Africa,dabur,2026-05-26,7320,False
Instagram,Hobby East Africa,hobby_ea,Hair Care/Skin Care,East Africa,dabur,2026-06-01,7372,False
Instagram,Hobby East Africa,hobby_ea,,East Africa,dabur,2026-06-26,7372,False
Instagram,Hobby,hobbycosmeticsarabia,Skin Care,Arabia,dabur,2022-12-01,16,False
Instagram,Hobby,hobbycosmeticsarabia,Skin Care,Arabia,dabur,2023-01-01,16,False
Instagram,Hobby,hobbycosmeticsarabia,Skin Care,Arabia,dabur,2023-02-01,18,False
Instagram,Hobby,hobbycosmeticsarabia,Skin Care,Arabia,dabur,2023-03-01,21,False
Instagram,Hobby,hobbycosmeticsarabia,Skin Care,Arabia,dabur,2023-04-01,50,True
Instagram,Hobby,hobbycosmeticsarabia,Skin Care,Arabia,dabur,2023-05-01,59,False
Instagram,Hobby,hobbycosmeticsarabia,Skin Care,Arabia,dabur,2023-06-01,59,False
Instagram,Hobby,hobbycosmeticsarabia,Skin Care,Arabia,dabur,2023-07-01,57,False
Instagram,Hobby,hobbycosmeticsarabia,Skin Care,Arabia,dabur,2023-08-01,58,False
Instagram,Hobby,hobbycosmeticsarabia,Skin Care,Arabia,dabur,2023-09-01,60,False
Instagram,Hobby,hobbycosmeticsarabia,Skin Care,Arabia,dabur,2023-10-01,61,False
Instagram,Hobby,hobbycosmeticsarabia,Skin Care,Arabia,dabur,2023-11-01,74,False
Instagram,Hobby,hobbycosmeticsarabia,Skin Care,Arabia,dabur,2023-12-01,78,False
Instagram,Hobby,hobbycosmeticsarabia,Skin Care,Arabia,dabur,2024-01-01,78,False
Instagram,Hobby,hobbycosmeticsarabia,Skin Care,Arabia,dabur,2024-02-01,83,False
Instagram,Hobby,hobbycosmeticsarabia,Skin Care,Arabia,dabur,2024-03-01,95,False
Instagram,Hobby,hobbycosmeticsarabia,Skin Care,Arabia,dabur,2025-09-01,99,False
Instagram,Hobby,hobbycosmeticsarabia,Skin Care,Arabia,dabur,2025-10-01,98,False
Instagram,Hydra Curls,hydra.curls,Hair Care,,dabur,2026-06-01,307,False
Instagram,Imperial Leather,imperialleatherarabia,Skin Care,Arabia,competitor,2025-09-01,1876,False
Instagram,Imperial Leather,imperialleatherarabia,Skin Care,Arabia,competitor,2025-10-01,1894,False
Instagram,Imperial Leather,imperialleatherarabia,Skin Care,Arabia,competitor,2025-11-25,1887,False
Instagram,Imperial Leather,imperialleatherarabia,Skin Care,Arabia,competitor,2025-12-25,1885,False
Instagram,Imperial Leather,imperialleatherarabia,Skin Care,Arabia,competitor,2026-01-01,1880,False
Instagram,Imperial Leather,imperialleatherarabia,Skin Care,Arabia,competitor,2026-02-01,1889,False
Instagram,Imperial Leather,imperialleathergh,Skin Care,West Africa,competitor,2025-09-01,1995,False
Instagram,Imperial Leather,imperialleathergh,Skin Care,West Africa,competitor,2025-10-01,1987,False
Instagram,Imperial Leather,imperialleathergh,Skin Care,West Africa,competitor,2025-11-25,1984,False
Instagram,Imperial Leather,imperialleathergh,Skin Care,West Africa,competitor,2025-12-25,1979,False
Instagram,Imperial Leather,imperialleathergh,Skin Care,West Africa,competitor,2026-01-01,1982,False
Instagram,Imperial Leather,imperialleathergh,Skin Care,West Africa,competitor,2026-02-01,1984,False
Instagram,Imperial Leather,imperialleatherke,Skin Care,East Africa,competitor,2025-09-01,11400,False
Instagram,Imperial Leather,imperialleatherke,Skin Care,East Africa,competitor,2025-10-01,11644,False
Instagram,Imperial Leather,imperialleatherke,Skin Care,East Africa,competitor,2025-11-25,11764,False
Instagram,Imperial Leather,imperialleatherke,Skin Care,East Africa,competitor,2025-12-25,11943,False
Instagram,Imperial Leather,imperialleatherke,Skin Care,East Africa,competitor,2026-01-01,12451,False
Instagram,Imperial Leather,imperialleatherke,Skin Care,East Africa,competitor,2026-02-01,12952,False
Instagram,Imperial Leather,imperialleatherke,Skin Care,East Africa,competitor,2026-03-01,13773,False
Instagram,Imperial Leather,imperialleatherke,Skin Care,East Africa,competitor,2026-04-01,14124,False
Instagram,Imperial Leather,imperialleatherke,Skin Care,East Africa,competitor,2026-05-01,14113,False
Instagram,Imperial Leather,imperialleatherke,Skin Care,East Africa,competitor,2026-06-01,14097,False
Instagram,Johnsons,johnsonsmiddleeast,Skin Care,Middle East,competitor,2022-12-01,124000,False
Instagram,Johnsons,johnsonsmiddleeast,Skin Care,Middle East,competitor,2023-01-01,124000,False
Instagram,Johnsons,johnsonsmiddleeast,Skin Care,Middle East,competitor,2023-02-01,125000,False
Instagram,Johnsons,johnsonsmiddleeast,Skin Care,Middle East,competitor,2023-03-01,125000,False
Instagram,Johnsons,johnsonsmiddleeast,Skin Care,Middle East,competitor,2023-04-01,125973,False
Instagram,Johnsons,johnsonsmiddleeast,Skin Care,Middle East,competitor,2023-05-01,126568,False
Instagram,Johnsons,johnsonsmiddleeast,Skin Care,Middle East,competitor,2023-06-01,127000,False
Instagram,Johnsons,johnsonsmiddleeast,Skin Care,Middle East,competitor,2023-07-01,127000,False
Instagram,Johnsons,johnsonsmiddleeast,Skin Care,Middle East,competitor,2023-08-01,127000,False
Instagram,Johnsons,johnsonsmiddleeast,Skin Care,Middle East,competitor,2023-09-01,12800,True
Instagram,Johnsons,johnsonsmiddleeast,Skin Care,Middle East,competitor,2023-10-01,128000,True
Instagram,Johnsons,johnsonsmiddleeast,Skin Care,Middle East,competitor,2023-11-01,128000,False
Instagram,Johnsons,johnsonsmiddleeast,Skin Care,Middle East,competitor,2023-12-01,128000,False
Instagram,Johnsons,johnsonsmiddleeast,Skin Care,Middle East,competitor,2024-01-01,128000,False
Instagram,Johnsons,johnsonsmiddleeast,Skin Care,Middle East,competitor,2024-02-01,127000,False
Instagram,Johnsons,johnsonsmiddleeast,Skin Care,Middle East,competitor,2024-03-01,127000,False
Instagram,Johnsons,johnsonsmiddleeast,Skin Care,Middle East,competitor,2025-09-01,123000,False
Instagram,Johnsons,johnsonsmiddleeast,Skin Care,Middle East,competitor,2025-10-01,122000,False
Instagram,Johnsons,johnsonsmiddleeast,Skin Care,Middle East,competitor,2025-11-25,122000,False
Instagram,Johnsons,johnsonsmiddleeast,Skin Care,Middle East,competitor,2025-12-25,122000,False
Instagram,Johnsons,johnsonsmiddleeast,Skin Care,Middle East,competitor,2026-01-01,122000,False
Instagram,Johnsons,johnsonsmiddleeast,Skin Care,Middle East,competitor,2026-02-01,122000,False
Instagram,Kesh King,keshking_international,Hair Care,,competitor,2026-01-01,9721,False
Instagram,Kesh King,keshking_international,Hair Care,,competitor,2026-02-01,9770,False
Instagram,Kesh King,keshking_international,Hair Care,,competitor,2026-03-01,9818,False
Instagram,Kesh King,keshking_international,Hair Care,,competitor,2026-04-01,9866,False
Instagram,Kesh King,keshking_international,Hair Care,,competitor,2026-05-01,9802,False
Instagram,Kesh King,keshking_international,Hair Care,,competitor,2026-06-01,9784,False
Instagram,Lifebuoy Arabia,lifebuoyarabia,Skin Care,Arabia,competitor,2025-04-01,11492,False
Instagram,Lifebuoy Arabia,lifebuoyarabia,Skin Care,Arabia,competitor,2025-05-01,11520,False
Instagram,Lifebuoy Arabia,lifebuoyarabia,Skin Care,Arabia,competitor,2025-06-01,11554,False
Instagram,Lifebuoy Arabia,lifebuoyarabia,Skin Care,Arabia,competitor,2025-08-01,11693,False
Instagram,Lifebuoy Arabia,lifebuoyarabia,Skin Care,Arabia,competitor,2025-09-01,11700,False
Instagram,Lifebuoy Arabia,lifebuoyarabia,Skin Care,Arabia,competitor,2025-10-01,11697,False
Instagram,Lifebuoy Arabia,lifebuoyarabia,Skin Care,Arabia,competitor,2025-11-25,11661,False
Instagram,Lifebuoy Arabia,lifebuoyarabia,Skin Care,Arabia,competitor,2025-12-25,11619,False
Instagram,Lifebuoy Arabia,lifebuoyarabia,Skin Care,Arabia,competitor,2026-01-01,11587,False
Instagram,Lifebuoy Arabia,lifebuoyarabia,Skin Care,Arabia,competitor,2026-02-01,11562,False
Instagram,Lifebuoy Arabia,lifebuoyarabia,Skin Care,Arabia,competitor,2026-03-01,11579,False
Instagram,L'Oreal,lorealmiddleeast,Hair Care,Middle East,competitor,2022-12-01,102000,False
Instagram,L'Oreal,lorealmiddleeast,Hair Care,Middle East,competitor,2023-01-01,104000,False
Instagram,L'Oreal,lorealmiddleeast,Hair Care,Middle East,competitor,2023-02-01,107000,False
Instagram,L'Oreal,lorealmiddleeast,Hair Care,Middle East,competitor,2023-03-01,108000,False
Instagram,L'Oreal,lorealmiddleeast,Hair Care,Middle East,competitor,2023-04-01,111116,False
Instagram,L'Oreal,lorealmiddleeast,Hair Care,Middle East,competitor,2023-05-01,112486,False
Instagram,L'Oreal,lorealmiddleeast,Hair Care,Middle East,competitor,2023-06-01,115000,False
Instagram,L'Oreal,lorealmiddleeast,Hair Care,Middle East,competitor,2023-07-01,116000,False
Instagram,L'Oreal,lorealmiddleeast,Hair Care,Middle East,competitor,2023-08-01,117000,False
Instagram,L'Oreal,lorealmiddleeast,Hair Care,Middle East,competitor,2023-09-01,120000,False
Instagram,L'Oreal,lorealmiddleeast,Hair Care,Middle East,competitor,2023-10-01,121000,False
Instagram,L'Oreal,lorealmiddleeast,Hair Care,Middle East,competitor,2023-11-01,121000,False
Instagram,L'Oreal,lorealmiddleeast,Hair Care,Middle East,competitor,2023-12-01,121000,False
Instagram,L'Oreal,lorealmiddleeast,Hair Care,Middle East,competitor,2024-01-01,121000,False
Instagram,L'Oreal,lorealmiddleeast,Hair Care,Middle East,competitor,2024-02-01,129000,False
Instagram,L'Oreal,lorealmiddleeast,Hair Care,Middle East,competitor,2024-03-01,120000,False
Instagram,L'Oreal,lorealmiddleeast,Hair Care,Middle East,competitor,2024-04-01,121528,False
Instagram,L'Oreal,lorealmiddleeast,Hair Care,Middle East,competitor,2024-05-01,121274,False
Instagram,L'Oreal,lorealmiddleeast,Hair Care,Middle East,competitor,2024-06-01,121194,False
Instagram,L'Oreal,lorealmiddleeast,Hair Care,Middle East,competitor,2024-07-01,121104,False
Instagram,L'Oreal,lorealmiddleeast,Hair Care,Middle East,competitor,2024-08-01,121024,False
Instagram,L'Oreal,lorealmiddleeast,Hair Care,Middle East,competitor,2024-09-01,121180,False
Instagram,L'Oreal,lorealmiddleeast,Hair Care,Middle East,competitor,2024-10-01,121496,False
Instagram,L'Oreal,lorealmiddleeast,Hair Care,Middle East,competitor,2025-01-01,124193,False
Instagram,L'Oreal,lorealmiddleeast,Hair Care,Middle East,competitor,2025-02-01,124211,False
Instagram,L'Oreal,lorealmiddleeast,Hair Care,Middle East,competitor,2025-03-01,124312,False
Instagram,L'Oreal,lorealmiddleeast,Hair Care,Middle East,competitor,2025-04-01,125039,False
Instagram,L'Oreal,lorealmiddleeast,Hair Care,Middle East,competitor,2025-05-01,125336,False
Instagram,L'Oreal,lorealmiddleeast,Hair Care,Middle East,competitor,2025-06-01,126979,False
Instagram,L'Oreal,lorealmiddleeast,Hair Care,Middle East,competitor,2025-08-01,127632,False
Instagram,L'Oreal,lorealmiddleeast,Hair Care,Middle East,competitor,2025-09-01,128000,False
Instagram,L'Oreal,lorealmiddleeast,Hair Care,Middle East,competitor,2025-10-01,128603,False
Instagram,L'Oreal,lorealmiddleeast,Hair Care,Middle East,competitor,2025-11-25,128794,False
Instagram,L'Oreal,lorealmiddleeast,Hair Care,Middle East,competitor,2025-12-25,129024,False
Instagram,L'Oreal,lorealmiddleeast,Hair Care,Middle East,competitor,2026-01-01,129231,False
Instagram,L'Oreal,lorealmiddleeast,Hair Care,Middle East,competitor,2026-02-01,129338,False
Instagram,L'Oreal,lorealmiddleeast,Hair Care,Middle East,competitor,2026-03-01,129751,False
Instagram,L'Oreal,lorealmiddleeast,Hair Care,Middle East,competitor,2026-04-01,130104,False
Instagram,L'Oreal,lorealmiddleeast,Hair Care,Middle East,competitor,2026-05-01,129854,False
Instagram,L'Oreal,lorealmiddleeast,Hair Care,Middle East,competitor,2026-06-01,131261,False
Instagram,Lush Hair,lushhair.ke,Hair Care,East Africa,competitor,2025-09-01,19100,False
Instagram,Lush Hair,lushhair.ke,Hair Care,East Africa,competitor,2025-10-01,19292,False
Instagram,Lush Hair,lushhair.ke,Hair Care,East Africa,competitor,2025-11-25,19441,False
Instagram,Lush Hair,lushhair.ke,Hair Care,East Africa,competitor,2025-12-25,19516,False
Instagram,Lush Hair,lushhair.ke,Hair Care,East Africa,competitor,2026-01-01,19564,False
Instagram,Lush Hair,lushhair.ke,Hair Care,East Africa,competitor,2026-02-01,19724,False
Instagram,Lush Hair,lushhair.ke,Hair Care,East Africa,competitor,2026-03-01,20293,False
Instagram,Lush Hair,lushhair.ke,Hair Care,East Africa,competitor,2026-04-01,20671,False
Instagram,Lush Hair,lushhair.ke,Hair Care,East Africa,competitor,2026-05-01,21300,False
Instagram,Lush Hair,lushhair.ke,Hair Care,East Africa,competitor,2026-06-01,21539,False
Instagram,Lush Hair,lushhairnigeria,Hair Care,West Africa,competitor,2025-09-01,135000,False
Instagram,Lush Hair,lushhairnigeria,Hair Care,West Africa,competitor,2025-10-01,145801,False
Instagram,Lush Hair,lushhairnigeria,Hair Care,West Africa,competitor,2025-11-25,147018,False
Instagram,Lush Hair,lushhairnigeria,Hair Care,West Africa,competitor,2025-12-25,147231,False
Instagram,Lush Hair,lushhairnigeria,Hair Care,West Africa,competitor,2026-01-01,147320,False
Instagram,Lush Hair,lushhairnigeria,Hair Care,West Africa,competitor,2026-02-01,147496,False
Instagram,Lush Hair,lushhairnigeria,Hair Care,West Africa,competitor,2026-03-01,151559,False
Instagram,Lush Hair,lushhairnigeria,Hair Care,West Africa,competitor,2026-04-01,155028,False
Instagram,Lush Hair,lushhairnigeria,Hair Care,West Africa,competitor,2026-05-01,156000,False
Instagram,Lush Hair,lushhairnigeria,Hair Care,West Africa,competitor,2026-06-01,156797,False
Instagram,Lux Arabia,luxarabia,Skin Care,Arabia,competitor,2024-05-01,40000,False
Instagram,Lux Arabia,luxarabia,Skin Care,Arabia,competitor,2025-04-01,49433,False
Instagram,Lux Arabia,luxarabia,Skin Care,Arabia,competitor,2025-05-01,50124,False
Instagram,Lux Arabia,luxarabia,Skin Care,Arabia,competitor,2025-06-01,50955,False
Instagram,Lux Arabia,luxarabia,Skin Care,Arabia,competitor,2025-08-01,51228,False
Instagram,Lux Arabia,luxarabia,Skin Care,Arabia,competitor,2025-09-01,51200,False
Instagram,Lux Arabia,luxarabia,Skin Care,Arabia,competitor,2025-10-01,51300,False
Instagram,Lux Arabia,luxarabia,Skin Care,Arabia,competitor,2025-11-25,51345,False
Instagram,Lux Arabia,luxarabia,Skin Care,Arabia,competitor,2025-12-25,51712,False
Instagram,Lux Arabia,luxarabia,Skin Care,Arabia,competitor,2026-01-01,54120,False
Instagram,Lux Arabia,luxarabia,Skin Care,Arabia,competitor,2026-02-01,54578,False
Instagram,Lux Arabia,luxarabia,Skin Care,Arabia,competitor,2026-03-01,55112,False
Instagram,Lux Arabia,luxarabia,Skin Care,Arabia,competitor,2026-04-01,55594,False
Instagram,Lux Arabia,luxarabia,Skin Care,Arabia,competitor,2026-05-01,55700,False
Instagram,Lux Arabia,luxarabia,Skin Care,Arabia,competitor,2026-06-01,56233,False
Instagram,MamaEarth Arabia,mamaeartharabia,Hair Care/Skin Care,Arabia,competitor,2025-04-01,9703,False
Instagram,MamaEarth Arabia,mamaeartharabia,Hair Care/Skin Care,Arabia,competitor,2025-05-01,9677,False
Instagram,MamaEarth Arabia,mamaeartharabia,Hair Care/Skin Care,Arabia,competitor,2025-06-01,9639,False
Instagram,MamaEarth Arabia,mamaeartharabia,Hair Care/Skin Care,Arabia,competitor,2025-08-01,10233,False
Instagram,MamaEarth Arabia,mamaeartharabia,Hair Care/Skin Care,Arabia,competitor,2025-09-01,11000,False
Instagram,MamaEarth Arabia,mamaeartharabia,Hair Care/Skin Care,Arabia,competitor,2025-10-01,11080,False
Instagram,MamaEarth Arabia,mamaeartharabia,Hair Care/Skin Care,Arabia,competitor,2025-11-25,11064,False
Instagram,MamaEarth Arabia,mamaeartharabia,Hair Care/Skin Care,Arabia,competitor,2025-12-25,11040,False
Instagram,MamaEarth Arabia,mamaeartharabia,Hair Care/Skin Care,Arabia,competitor,2026-01-01,11019,False
Instagram,MamaEarth Arabia,mamaeartharabia,Hair Care/Skin Care,Arabia,competitor,2026-02-01,11010,False
Instagram,MamaEarth Arabia,mamaeartharabia,Hair Care/Skin Care,Arabia,competitor,2026-03-01,11025,False
Instagram,MamaEarth Arabia,mamaeartharabia,Hair Care/Skin Care,Arabia,competitor,2026-04-01,13679,False
Instagram,MamaEarth Arabia,mamaeartharabia,Hair Care/Skin Care,Arabia,competitor,2026-05-01,17127,False
Instagram,MamaEarth Arabia,mamaeartharabia,Hair Care/Skin Care,Arabia,competitor,2026-06-01,19672,False
Instagram,MegaGrowth,megagrowthEast Africa,Hair Care,Africa,competitor,2025-09-01,9266,False
Instagram,MegaGrowth,megagrowthEast Africa,Hair Care,Africa,competitor,2025-10-01,9263,False
Instagram,MegaGrowth,megagrowthEast Africa,Hair Care,Africa,competitor,2025-11-25,9253,False
Instagram,MegaGrowth,megagrowthEast Africa,Hair Care,Africa,competitor,2025-12-25,9239,False
Instagram,MegaGrowth,megagrowthEast Africa,Hair Care,Africa,competitor,2026-01-01,9235,False
Instagram,MegaGrowth,megagrowthEast Africa,Hair Care,Africa,competitor,2026-02-01,9233,False
Instagram,MegaGrowth,megagrowthEast Africa,Hair Care,Africa,competitor,2026-03-01,9366,False
Instagram,MegaGrowth,megagrowthEast Africa,Hair Care,Africa,competitor,2026-04-01,9371,False
Instagram,MegaGrowth,megagrowthEast Africa,Hair Care,Africa,competitor,2026-05-01,9422,False
Instagram,MegaGrowth,megagrowthEast Africa,Hair Care,Africa,competitor,2026-06-01,9424,False
Instagram,MegaGrowth,megagrowthWest Africa,Hair Care,Africa,competitor,2025-09-01,17000,False
Instagram,MegaGrowth,megagrowthWest Africa,Hair Care,Africa,competitor,2025-10-01,17000,False
Instagram,MegaGrowth,megagrowthWest Africa,Hair Care,Africa,competitor,2025-11-25,17000,False
Instagram,MegaGrowth,megagrowthWest Africa,Hair Care,Africa,competitor,2025-12-25,17000,False
Instagram,MegaGrowth,megagrowthWest Africa,Hair Care,Africa,competitor,2026-01-01,17000,False
Instagram,MegaGrowth,megagrowthWest Africa,Hair Care,Africa,competitor,2026-02-01,17000,False
Instagram,MegaGrowth,megagrowthWest Africa,Hair Care,Africa,competitor,2026-03-01,17076,False
Instagram,MegaGrowth,megagrowthWest Africa,Hair Care,Africa,competitor,2026-04-01,17054,False
Instagram,MegaGrowth,megagrowthWest Africa,Hair Care,Africa,competitor,2026-05-01,16600,False
Instagram,MegaGrowth,megagrowthWest Africa,Hair Care,Africa,competitor,2026-06-01,16623,False
Instagram,MegaGrowth,megagrowthnigeria,Hair Care,Africa,competitor,2025-09-01,62900,False
Instagram,MegaGrowth,megagrowthnigeria,Hair Care,Africa,competitor,2025-10-01,62929,False
Instagram,MegaGrowth,megagrowthnigeria,Hair Care,Africa,competitor,2025-11-25,62804,False
Instagram,MegaGrowth,megagrowthnigeria,Hair Care,Africa,competitor,2025-12-25,62609,False
Instagram,MegaGrowth,megagrowthnigeria,Hair Care,Africa,competitor,2026-01-01,62460,False
Instagram,MegaGrowth,megagrowthnigeria,Hair Care,Africa,competitor,2026-02-01,62405,False
Instagram,MegaGrowth,megagrowthnigeria,Hair Care,Africa,competitor,2026-03-01,62524,False
Instagram,MegaGrowth,megagrowthnigeria,Hair Care,Africa,competitor,2026-04-01,62458,False
Instagram,MegaGrowth,megagrowthnigeria,Hair Care,Africa,competitor,2026-05-01,61600,False
Instagram,MegaGrowth,megagrowthnigeria,Hair Care,Africa,competitor,2026-06-01,61543,False
Instagram,Mikalla,mikalla_hair_body,Hair Care/Skin Care,Africa,competitor,2025-09-01,8630,False
Instagram,Mikalla,mikalla_hair_body,Hair Care/Skin Care,Africa,competitor,2025-10-01,9009,False
Instagram,Mikalla,mikalla_hair_body,Hair Care/Skin Care,Africa,competitor,2025-11-25,9318,False
Instagram,Mikalla,mikalla_hair_body,Hair Care/Skin Care,Africa,competitor,2025-12-25,9307,False
Instagram,Mikalla,mikalla_hair_body,Hair Care/Skin Care,Africa,competitor,2026-01-01,9294,False
Instagram,Mikalla,mikalla_hair_body,Hair Care/Skin Care,Africa,competitor,2026-02-01,9303,False
Instagram,Mikalla,mikalla_hair_body,Hair Care/Skin Care,Africa,competitor,2026-03-01,9314,False
Instagram,Mikalla,mikalla_hair_body,Hair Care/Skin Care,Africa,competitor,2026-04-01,9545,False
Instagram,Mikalla,mikalla_hair_body,Hair Care/Skin Care,Africa,competitor,2026-05-01,9581,False
Instagram,Mikalla,mikalla_hair_body,Hair Care/Skin Care,Africa,competitor,2026-06-01,9587,False
Instagram,Nair,nairarabia,Hair Removal,Arabia,competitor,2022-12-01,2536,False
Instagram,Nair,nairarabia,Hair Removal,Arabia,competitor,2023-01-01,2564,False
Instagram,Nair,nairarabia,Hair Removal,Arabia,competitor,2023-02-01,2590,False
Instagram,Nair,nairarabia,Hair Removal,Arabia,competitor,2023-03-01,2577,False
Instagram,Nair,nairarabia,Hair Removal,Arabia,competitor,2023-04-01,2573,False
Instagram,Nair,nairarabia,Hair Removal,Arabia,competitor,2023-05-01,2570,False
Instagram,Nair,nairarabia,Hair Removal,Arabia,competitor,2023-06-01,2574,False
Instagram,Nair,nairarabia,Hair Removal,Arabia,competitor,2023-07-01,2678,False
Instagram,Nair,nairarabia,Hair Removal,Arabia,competitor,2023-08-01,2679,False
Instagram,Nair,nairarabia,Hair Removal,Arabia,competitor,2023-09-01,2760,False
Instagram,Nair,nairarabia,Hair Removal,Arabia,competitor,2023-10-01,2786,False
Instagram,Nair,nairarabia,Hair Removal,Arabia,competitor,2023-11-01,2927,False
Instagram,Nair,nairarabia,Hair Removal,Arabia,competitor,2023-12-01,3012,False
Instagram,Nair,nairarabia,Hair Removal,Arabia,competitor,2024-01-01,3012,False
Instagram,Nair,nairarabia,Hair Removal,Arabia,competitor,2024-02-01,3073,False
Instagram,Nair,nairarabia,Hair Removal,Arabia,competitor,2024-03-01,3078,False
Instagram,Nair,nairarabia,Hair Removal,Arabia,competitor,2025-09-01,3338,False
Instagram,Nair,nairarabia,Hair Removal,Arabia,competitor,2025-10-01,3341,False
Instagram,Nair,nairarabia,Hair Removal,Arabia,competitor,2025-11-25,3321,False
Instagram,Nair,nairarabia,Hair Removal,Arabia,competitor,2025-12-25,3339,False
Instagram,Nair,nairarabia,Hair Removal,Arabia,competitor,2026-01-01,3318,False
Instagram,Nair,nairarabia,Hair Removal,Arabia,competitor,2026-02-01,3320,False
Instagram,Nair,nairarabia,Hair Removal,Arabia,competitor,2026-03-01,3316,False
Instagram,Nair,nairarabia,Hair Removal,Arabia,competitor,2026-04-01,3322,False
Instagram,Nair,nairarabia,Hair Removal,Arabia,competitor,2026-05-01,3314,False
Instagram,Nair,nairarabia,Hair Removal,Arabia,competitor,2026-06-01,3301,False
Instagram,Neutrogena,neutrogename,Skin Care,Arabia,competitor,2022-12-01,71900,False
Instagram,Neutrogena,neutrogename,Skin Care,Arabia,competitor,2023-01-01,72500,False
Instagram,Neutrogena,neutrogename,Skin Care,Arabia,competitor,2023-02-01,72800,False
Instagram,Neutrogena,neutrogename,Skin Care,Arabia,competitor,2023-03-01,73200,False
Instagram,Neutrogena,neutrogename,Skin Care,Arabia,competitor,2023-04-01,73754,False
Instagram,Neutrogena,neutrogename,Skin Care,Arabia,competitor,2023-05-01,74503,False
Instagram,Neutrogena,neutrogename,Skin Care,Arabia,competitor,2023-06-01,74600,False
Instagram,Neutrogena,neutrogename,Skin Care,Arabia,competitor,2023-07-01,75200,False
Instagram,Neutrogena,neutrogename,Skin Care,Arabia,competitor,2023-08-01,75800,False
Instagram,Neutrogena,neutrogename,Skin Care,Arabia,competitor,2023-09-01,76100,False
Instagram,Neutrogena,neutrogename,Skin Care,Arabia,competitor,2023-10-01,76200,False
Instagram,Neutrogena,neutrogename,Skin Care,Arabia,competitor,2023-11-01,76200,False
Instagram,Neutrogena,neutrogename,Skin Care,Arabia,competitor,2023-12-01,76200,False
Instagram,Neutrogena,neutrogename,Skin Care,Arabia,competitor,2024-01-01,76200,False
Instagram,Neutrogena,neutrogename,Skin Care,Arabia,competitor,2024-02-01,77000,False
Instagram,Neutrogena,neutrogename,Skin Care,Arabia,competitor,2024-03-01,77000,False
Instagram,Neutrogena,neutrogename,Skin Care,Arabia,competitor,2025-09-01,91500,False
Instagram,Neutrogena,neutrogename,Skin Care,Arabia,competitor,2025-10-01,91600,False
Instagram,Neutrogena,neutrogename,Skin Care,Arabia,competitor,2025-11-25,91800,False
Instagram,Neutrogena,neutrogename,Skin Care,Arabia,competitor,2025-12-25,92400,False
Instagram,Neutrogena,neutrogename,Skin Care,Arabia,competitor,2026-01-01,92450,False
Instagram,Neutrogena,neutrogename,Skin Care,Arabia,competitor,2026-02-01,92600,False
Instagram,Neutrogena,neutrogename,Skin Care,Arabia,competitor,2026-03-01,92447,False
Instagram,Neutrogena,neutrogename,Skin Care,Arabia,competitor,2026-04-01,92213,False
Instagram,Neutrogena,neutrogename,Skin Care,Arabia,competitor,2026-05-01,91233,False
Instagram,Neutrogena,neutrogename,Skin Care,Arabia,competitor,2026-06-01,91287,False
Instagram,Nice and Lovely,niceandlovely_ea,Skin Care,East Africa,competitor,2025-09-01,17300,False
Instagram,Nice and Lovely,niceandlovely_ea,Skin Care,East Africa,competitor,2025-10-01,18450,False
Instagram,Nice and Lovely,niceandlovely_ea,Skin Care,East Africa,competitor,2025-11-25,18507,False
Instagram,Nice and Lovely,niceandlovely_ea,Skin Care,East Africa,competitor,2025-12-25,18740,False
Instagram,Nice and Lovely,niceandlovely_ea,Skin Care,East Africa,competitor,2026-01-01,19016,False
Instagram,Nice and Lovely,niceandlovely_ea,Skin Care,East Africa,competitor,2026-02-01,19238,False
Instagram,Nice and Lovely,niceandlovely_ea,Skin Care,East Africa,competitor,2026-03-01,19994,False
Instagram,Nice and Lovely,niceandlovely_ea,Skin Care,East Africa,competitor,2026-04-01,21027,False
Instagram,Nice and Lovely,niceandlovely_ea,Skin Care,East Africa,competitor,2026-05-01,22100,False
Instagram,Nice and Lovely,niceandlovely_ea,Skin Care,East Africa,competitor,2026-06-01,22471,False
Instagram,Nivea,niveame,Skin Care,Arabia,competitor,2022-12-01,174000,False
Instagram,Nivea,niveame,Skin Care,Arabia,competitor,2023-01-01,175000,False
Instagram,Nivea,niveame,Skin Care,Arabia,competitor,2023-02-01,175000,False
Instagram,Nivea,niveame,Skin Care,Arabia,competitor,2023-03-01,176000,False
Instagram,Nivea,niveame,Skin Care,Arabia,competitor,2023-04-01,177698,False
Instagram,Nivea,niveame,Skin Care,Arabia,competitor,2023-05-01,177754,False
Instagram,Nivea,niveame,Skin Care,Arabia,competitor,2023-06-01,178000,False
Instagram,Nivea,niveame,Skin Care,Arabia,competitor,2023-07-01,179000,False
Instagram,Nivea,niveame,Skin Care,Arabia,competitor,2023-08-01,180000,False
Instagram,Nivea,niveame,Skin Care,Arabia,competitor,2023-09-01,181000,False
Instagram,Nivea,niveame,Skin Care,Arabia,competitor,2023-10-01,181000,False
Instagram,Nivea,niveame,Skin Care,Arabia,competitor,2023-11-01,181000,False
Instagram,Nivea,niveame,Skin Care,Arabia,competitor,2023-12-01,180000,False
Instagram,Nivea,niveame,Skin Care,Arabia,competitor,2024-01-01,180000,False
Instagram,Nivea,niveame,Skin Care,Arabia,competitor,2024-02-01,180000,False
Instagram,Nivea,niveame,Skin Care,Arabia,competitor,2024-03-01,180000,False
Instagram,Nivea,niveame,Skin Care,Arabia,competitor,2024-04-01,179930,False
Instagram,Nivea,niveame,Skin Care,Arabia,competitor,2024-05-01,179519,False
Instagram,Nivea,niveame,Skin Care,Arabia,competitor,2024-06-01,179244,False
Instagram,Nivea,niveame,Skin Care,Arabia,competitor,2024-07-01,179303,False
Instagram,Nivea,niveame,Skin Care,Arabia,competitor,2024-08-01,179357,False
Instagram,Nivea,niveame,Skin Care,Arabia,competitor,2024-09-01,179212,False
Instagram,Nivea,niveame,Skin Care,Arabia,competitor,2024-10-01,179007,False
Instagram,Nivea,niveame,Skin Care,Arabia,competitor,2025-01-01,179154,False
Instagram,Nivea,niveame,Skin Care,Arabia,competitor,2025-02-01,179021,False
Instagram,Nivea,niveame,Skin Care,Arabia,competitor,2025-03-01,178000,False
Instagram,Nivea,niveame,Skin Care,Arabia,competitor,2025-04-01,179072,False
Instagram,Nivea,niveame,Skin Care,Arabia,competitor,2025-05-01,179854,False
Instagram,Nivea,niveame,Skin Care,Arabia,competitor,2025-06-01,180080,False
Instagram,Nivea,niveame,Skin Care,Arabia,competitor,2025-08-01,179514,False
Instagram,Nivea,niveame,Skin Care,Arabia,competitor,2025-09-01,178000,False
Instagram,Nivea,niveame,Skin Care,Arabia,competitor,2025-10-01,178448,False
Instagram,Nivea,niveame,Skin Care,Arabia,competitor,2025-11-25,178210,False
Instagram,Nivea,niveame,Skin Care,Arabia,competitor,2025-12-25,178005,False
Instagram,Nivea,niveame,Skin Care,Arabia,competitor,2026-01-01,178225,False
Instagram,Nivea,niveame,Skin Care,Arabia,competitor,2026-02-01,178559,False
Instagram,Nivea,niveame,Skin Care,Arabia,competitor,2026-03-01,178386,False
Instagram,Nivea,niveame,Skin Care,Arabia,competitor,2026-04-01,178325,False
Instagram,Nivea,niveame,Skin Care,Arabia,competitor,2026-05-01,175541,False
Instagram,Nivea,niveame,Skin Care,Arabia,competitor,2026-06-01,142600,False
Instagram,Nivea Men,niveamen.me,Skin Care,Arabia,competitor,2025-04-01,38644,False
Instagram,Nivea Men,niveamen.me,Skin Care,Arabia,competitor,2025-05-01,38822,False
Instagram,Nivea Men,niveamen.me,Skin Care,Arabia,competitor,2025-06-01,38905,False
Instagram,Nivea Men,niveamen.me,Skin Care,Arabia,competitor,2025-08-01,38548,False
Instagram,Nivea Men,niveamen.me,Skin Care,Arabia,competitor,2025-09-01,38460,False
Instagram,Nivea Men,niveamen.me,Skin Care,Arabia,competitor,2025-10-01,38253,False
Instagram,Nivea Men,niveamen.me,Skin Care,Arabia,competitor,2025-11-25,38106,False
Instagram,Nivea Men,niveamen.me,Skin Care,Arabia,competitor,2025-12-25,37992,False
Instagram,Nivea Men,niveamen.me,Skin Care,Arabia,competitor,2026-01-01,37826,False
Instagram,Nivea Men,niveamen.me,Skin Care,Arabia,competitor,2026-02-01,37771,False
Instagram,Nivea Men,niveamen.me,Skin Care,Arabia,competitor,2026-03-01,37518,False
Instagram,Olay,olay.arabia,Skin Care,Arabia,competitor,2022-12-01,28400,False
Instagram,Olay,olay.arabia,Skin Care,Arabia,competitor,2023-01-01,28600,False
Instagram,Olay,olay.arabia,Skin Care,Arabia,competitor,2023-02-01,28700,False
Instagram,Olay,olay.arabia,Skin Care,Arabia,competitor,2023-03-01,28900,False
Instagram,Olay,olay.arabia,Skin Care,Arabia,competitor,2023-04-01,29643,False
Instagram,Olay,olay.arabia,Skin Care,Arabia,competitor,2023-05-01,29872,False
Instagram,Olay,olay.arabia,Skin Care,Arabia,competitor,2023-06-01,30400,False
Instagram,Olay,olay.arabia,Skin Care,Arabia,competitor,2023-07-01,30700,False
Instagram,Olay,olay.arabia,Skin Care,Arabia,competitor,2023-08-01,31000,False
Instagram,Olay,olay.arabia,Skin Care,Arabia,competitor,2023-09-01,31600,False
Instagram,Olay,olay.arabia,Skin Care,Arabia,competitor,2023-10-01,31800,False
Instagram,Olay,olay.arabia,Skin Care,Arabia,competitor,2023-11-01,33000,False
Instagram,Olay,olay.arabia,Skin Care,Arabia,competitor,2023-12-01,33000,False
Instagram,Olay,olay.arabia,Skin Care,Arabia,competitor,2024-01-01,33000,False
Instagram,Olay,olay.arabia,Skin Care,Arabia,competitor,2024-02-01,33000,False
Instagram,Olay,olay.arabia,Skin Care,Arabia,competitor,2024-03-01,33000,False
Instagram,Olay,olay.arabia,Skin Care,Arabia,competitor,2025-09-01,31300,False
Instagram,Olay,olay.arabia,Skin Care,Arabia,competitor,2025-10-01,31300,False
Instagram,Olay,olay.arabia,Skin Care,Arabia,competitor,2025-11-25,31200,False
Instagram,Olay,olay.arabia,Skin Care,Arabia,competitor,2025-12-25,31100,False
Instagram,Olay,olay.arabia,Skin Care,Arabia,competitor,2026-01-01,31100,False
Instagram,Olay,olay.arabia,Skin Care,Arabia,competitor,2026-02-01,31100,False
Instagram,Olay,olay.arabia,Skin Care,Arabia,competitor,2026-03-01,31100,False
Instagram,Oral B,oralbarabia,Oral Care,Arabia,competitor,2022-12-01,11700,False
Instagram,Oral B,oralbarabia,Oral Care,Arabia,competitor,2023-01-01,11900,False
Instagram,Oral B,oralbarabia,Oral Care,Arabia,competitor,2023-02-01,12600,False
Instagram,Oral B,oralbarabia,Oral Care,Arabia,competitor,2023-03-01,12900,False
Instagram,Oral B,oralbarabia,Oral Care,Arabia,competitor,2023-04-01,13596,False
Instagram,Oral B,oralbarabia,Oral Care,Arabia,competitor,2023-05-01,14527,False
Instagram,Oral B,oralbarabia,Oral Care,Arabia,competitor,2023-06-01,15300,False
Instagram,Oral B,oralbarabia,Oral Care,Arabia,competitor,2023-07-01,15700,False
Instagram,Oral B,oralbarabia,Oral Care,Arabia,competitor,2023-08-01,16400,False
Instagram,Oral B,oralbarabia,Oral Care,Arabia,competitor,2023-09-01,18600,False
Instagram,Oral B,oralbarabia,Oral Care,Arabia,competitor,2023-10-01,18700,False
Instagram,Oral B,oralbarabia,Oral Care,Arabia,competitor,2023-11-01,19000,False
Instagram,Oral B,oralbarabia,Oral Care,Arabia,competitor,2023-12-01,19000,False
Instagram,Oral B,oralbarabia,Oral Care,Arabia,competitor,2024-01-01,19000,False
Instagram,Oral B,oralbarabia,Oral Care,Arabia,competitor,2024-02-01,19000,False
Instagram,Oral B,oralbarabia,Oral Care,Arabia,competitor,2024-03-01,20000,False
Instagram,Oral B,oralbarabia,Oral Care,Arabia,competitor,2025-04-01,24089,False
Instagram,Oral B,oralbarabia,Oral Care,Arabia,competitor,2025-05-01,24220,False
Instagram,Oral B,oralbarabia,Oral Care,Arabia,competitor,2025-06-01,24380,False
Instagram,Oral B,oralbarabia,Oral Care,Arabia,competitor,2025-08-01,24883,False
Instagram,Oral B,oralbarabia,Oral Care,Arabia,competitor,2025-09-01,24900,False
Instagram,Oral B,oralbarabia,Oral Care,Arabia,competitor,2025-10-01,25049,False
Instagram,Oral B,oralbarabia,Oral Care,Arabia,competitor,2025-11-25,25039,False
Instagram,Oral B,oralbarabia,Oral Care,Arabia,competitor,2025-12-25,25036,False
Instagram,Oral B,oralbarabia,Oral Care,Arabia,competitor,2026-01-01,25241,False
Instagram,Oral B,oralbarabia,Oral Care,Arabia,competitor,2026-02-01,25374,False
Instagram,Oral B,oralbarabia,Oral Care,Arabia,competitor,2026-03-01,26201,False
Instagram,Oral B,oralbarabia,Oral Care,Arabia,competitor,2026-04-01,28170,False
Instagram,Oral B,oralbarabia,Oral Care,Arabia,competitor,2026-05-01,28404,False
Instagram,Oral B,oralbarabia,Oral Care,Arabia,competitor,2026-06-01,28569,False
Instagram,ORS hair care,orshaircare_sa,Hair Care,South Africa,dabur,2025-09-01,10000,False
Instagram,ORS hair care,orshaircare_sa,Hair Care,South Africa,dabur,2025-10-01,10200,False
Instagram,ORS hair care,orshaircare_sa,Hair Care,South Africa,dabur,2025-11-25,10450,False
Instagram,ORS hair care,orshaircare_sa,Hair Care,South Africa,dabur,2025-12-25,10800,False
Instagram,ORS hair care,orshaircare_sa,Hair Care,South Africa,dabur,2026-01-01,11500,False
Instagram,ORS hair care,orshaircare_sa,Hair Care,South Africa,dabur,2026-02-01,12800,False
Instagram,ORS hair care,orshaircare_sa,Hair Care,South Africa,dabur,2026-03-01,14197,False
Instagram,ORS hair care,orshaircare_sa,Hair Care,South Africa,dabur,2026-04-01,14208,False
Instagram,ORS hair care,orshaircare_sa,Hair Care,South Africa,dabur,2026-05-01,14400,False
Instagram,ORS hair care,orshaircare_sa,Hair Care,South Africa,dabur,2026-06-01,15747,False
Instagram,ORS Olive Oil,orsoliveoil_africa,Hair Care,Africa,dabur,2025-09-01,43200,False
Instagram,ORS Arabia,orsoliveoil_arabia,,Arabia,dabur,2026-05-01,1,False
Instagram,ORS Arabia,orsoliveoil_arabia,,Arabia,dabur,2026-06-01,20,True
Instagram,ORS EA,orsoliveoil_ea,Hair Care,East Africa,dabur,2026-02-01,9462,False
Instagram,ORS EA,orsoliveoil_ea,Hair Care,East Africa,dabur,2026-03-01,9504,False
Instagram,ORS EA,orsoliveoil_ea,Hair Care,East Africa,dabur,2026-04-01,9477,False
Instagram,ORS EA,orsoliveoil_ea,Hair Care,East Africa,dabur,2026-05-01,10100,False
Instagram,ORS EA,orsoliveoil_ea,Hair Care,East Africa,dabur,2026-06-01,10239,False
Instagram,Palmolive,palmolive.arabia,Skin Care,Arabia,competitor,2022-12-01,336,False
Instagram,Palmolive,palmolive.arabia,Skin Care,Arabia,competitor,2023-01-01,1427,True
Instagram,Palmolive,palmolive.arabia,Skin Care,Arabia,competitor,2023-02-01,1380,False
Instagram,Palmolive,palmolive.arabia,Skin Care,Arabia,competitor,2023-03-01,1349,False
Instagram,Palmolive,palmolive.arabia,Skin Care,Arabia,competitor,2023-04-01,1319,False
Instagram,Palmolive,palmolive.arabia,Skin Care,Arabia,competitor,2023-05-01,1290,False
Instagram,Palmolive,palmolive.arabia,Skin Care,Arabia,competitor,2023-06-01,1273,False
Instagram,Palmolive,palmolive.arabia,Skin Care,Arabia,competitor,2023-07-01,2707,True
Instagram,Palmolive,palmolive.arabia,Skin Care,Arabia,competitor,2023-08-01,3178,False
Instagram,Palmolive,palmolive.arabia,Skin Care,Arabia,competitor,2023-09-01,3244,False
Instagram,Palmolive,palmolive.arabia,Skin Care,Arabia,competitor,2023-10-01,3224,False
Instagram,Palmolive,palmolive.arabia,Skin Care,Arabia,competitor,2023-11-01,3173,False
Instagram,Palmolive,palmolive.arabia,Skin Care,Arabia,competitor,2023-12-01,3127,False
Instagram,Palmolive,palmolive.arabia,Skin Care,Arabia,competitor,2024-01-01,3127,False
Instagram,Palmolive,palmolive.arabia,Skin Care,Arabia,competitor,2024-02-01,3100,False
Instagram,Palmolive,palmolive.arabia,Skin Care,Arabia,competitor,2024-03-01,3080,False
Instagram,Palmolive,palmolive.arabia,Skin Care,Arabia,competitor,2025-09-01,4664,False
Instagram,Palmolive,palmolive.arabia,Skin Care,Arabia,competitor,2025-10-01,4659,False
Instagram,Palmolive,palmolive.arabia,Skin Care,Arabia,competitor,2025-11-25,4576,False
Instagram,Palmolive,palmolive.arabia,Skin Care,Arabia,competitor,2025-12-25,4586,False
Instagram,Palmolive,palmolive.arabia,Skin Care,Arabia,competitor,2026-01-01,4537,False
Instagram,Palmolive,palmolive.arabia,Skin Care,Arabia,competitor,2026-02-01,4529,False
Instagram,Palmolive,palmolive.arabia,Skin Care,Arabia,competitor,2026-03-01,4483,False
Instagram,Palmolive,palmolive.arabia,Skin Care,Arabia,competitor,2026-05-01,4426,False
Instagram,Palmolive,palmolive.arabia,Skin Care,Arabia,competitor,2026-06-01,4387,False
Instagram,Pantene,pantene.arabia,Hair Care,Arabia,competitor,2022-12-01,474000,False
Instagram,Pantene,pantene.arabia,Hair Care,Arabia,competitor,2023-01-01,123000,True
Instagram,Pantene,pantene.arabia,Hair Care,Arabia,competitor,2023-02-01,123000,False
Instagram,Pantene,pantene.arabia,Hair Care,Arabia,competitor,2023-03-01,124000,False
Instagram,Pantene,pantene.arabia,Hair Care,Arabia,competitor,2023-04-01,125190,False
Instagram,Pantene,pantene.arabia,Hair Care,Arabia,competitor,2023-05-01,126513,False
Instagram,Pantene,pantene.arabia,Hair Care,Arabia,competitor,2023-06-01,128000,False
Instagram,Pantene,pantene.arabia,Hair Care,Arabia,competitor,2023-07-01,128000,False
Instagram,Pantene,pantene.arabia,Hair Care,Arabia,competitor,2023-08-01,130000,False
Instagram,Pantene,pantene.arabia,Hair Care,Arabia,competitor,2023-09-01,131000,False
Instagram,Pantene,pantene.arabia,Hair Care,Arabia,competitor,2023-10-01,131000,False
Instagram,Pantene,pantene.arabia,Hair Care,Arabia,competitor,2023-11-01,131000,False
Instagram,Pantene,pantene.arabia,Hair Care,Arabia,competitor,2023-12-01,130000,False
Instagram,Pantene,pantene.arabia,Hair Care,Arabia,competitor,2024-01-01,130000,False
Instagram,Pantene,pantene.arabia,Hair Care,Arabia,competitor,2024-02-01,130000,False
Instagram,Pantene,pantene.arabia,Hair Care,Arabia,competitor,2024-03-01,129000,False
Instagram,Pantene,pantene.arabia,Hair Care,Arabia,competitor,2024-04-01,137988,False
Instagram,Pantene,pantene.arabia,Hair Care,Arabia,competitor,2024-05-01,138119,False
Instagram,Pantene,pantene.arabia,Hair Care,Arabia,competitor,2024-06-01,138282,False
Instagram,Pantene,pantene.arabia,Hair Care,Arabia,competitor,2024-07-01,138355,False
Instagram,Pantene,pantene.arabia,Hair Care,Arabia,competitor,2024-08-01,138535,False
Instagram,Pantene,pantene.arabia,Hair Care,Arabia,competitor,2024-09-01,138033,False
Instagram,Pantene,pantene.arabia,Hair Care,Arabia,competitor,2024-10-01,138234,False
Instagram,Pantene,pantene.arabia,Hair Care,Arabia,competitor,2025-01-01,136776,False
Instagram,Pantene,pantene.arabia,Hair Care,Arabia,competitor,2025-02-01,136569,False
Instagram,Pantene,pantene.arabia,Hair Care,Arabia,competitor,2025-03-01,138000,False
Instagram,Pantene,pantene.arabia,Hair Care,Arabia,competitor,2025-04-01,138554,False
Instagram,Pantene,pantene.arabia,Hair Care,Arabia,competitor,2025-05-01,139087,False
Instagram,Pantene,pantene.arabia,Hair Care,Arabia,competitor,2025-06-01,140030,False
Instagram,Pantene,pantene.arabia,Hair Care,Arabia,competitor,2025-08-01,139687,False
Instagram,Pantene,pantene.arabia,Hair Care,Arabia,competitor,2025-09-01,136570,False
Instagram,Pantene,pantene.arabia,Hair Care,Arabia,competitor,2025-10-01,138000,False
Instagram,Pantene,pantene.arabia,Hair Care,Arabia,competitor,2025-11-25,138000,False
Instagram,Pantene,pantene.arabia,Hair Care,Arabia,competitor,2025-12-25,138000,False
Instagram,Pantene,pantene.arabia,Hair Care,Arabia,competitor,2026-01-01,139000,False
Instagram,Pantene,pantene.arabia,Hair Care,Arabia,competitor,2026-02-01,140000,False
Instagram,Pantene,pantene.arabia,Hair Care,Arabia,competitor,2026-03-01,139872,False
Instagram,Pantene,pantene.arabia,Hair Care,Arabia,competitor,2026-04-01,140020,False
Instagram,Pantene,pantene.arabia,Hair Care,Arabia,competitor,2026-05-01,141479,False
Instagram,Pantene,pantene.arabia,Hair Care,Arabia,competitor,2026-06-01,142600,False
Instagram,Parachute,parachuteadvansedarabia,Hair Care,Arabia,competitor,2022-12-01,58930,False
Instagram,Parachute,parachuteadvansedarabia,Hair Care,Arabia,competitor,2023-01-01,60710,False
Instagram,Parachute,parachuteadvansedarabia,Hair Care,Arabia,competitor,2023-02-01,28000,True
Instagram,Parachute,parachuteadvansedarabia,Hair Care,Arabia,competitor,2023-03-01,63880,True
Instagram,Parachute,parachuteadvansedarabia,Hair Care,Arabia,competitor,2023-04-01,64220,False
Instagram,Parachute,parachuteadvansedarabia,Hair Care,Arabia,competitor,2023-05-01,64480,False
Instagram,Parachute,parachuteadvansedarabia,Hair Care,Arabia,competitor,2023-06-01,64820,False
Instagram,Parachute,parachuteadvansedarabia,Hair Care,Arabia,competitor,2023-07-01,65900,False
Instagram,Parachute,parachuteadvansedarabia,Hair Care,Arabia,competitor,2023-08-01,68140,False
Instagram,Parachute,parachuteadvansedarabia,Hair Care,Arabia,competitor,2023-09-01,69540,False
Instagram,Parachute,parachuteadvansedarabia,Hair Care,Arabia,competitor,2023-10-01,69710,False
Instagram,Parachute,parachuteadvansedarabia,Hair Care,Arabia,competitor,2023-11-01,77180,False
Instagram,Parachute,parachuteadvansedarabia,Hair Care,Arabia,competitor,2023-12-01,77180,False
Instagram,Parachute,parachuteadvansedarabia,Hair Care,Arabia,competitor,2024-01-01,77850,False
Instagram,Parachute,parachuteadvansedarabia,Hair Care,Arabia,competitor,2024-02-01,83440,False
Instagram,Parachute,parachuteadvansedarabia,Hair Care,Arabia,competitor,2024-03-01,84890,False
Instagram,Parachute,parachuteadvansedarabia,Hair Care,Arabia,competitor,2025-09-01,11200,True
Instagram,Parachute,parachuteadvansedarabia,Hair Care,Arabia,competitor,2025-10-01,11300,False
Instagram,Parachute,parachuteadvansedarabia,Hair Care,Arabia,competitor,2025-11-25,11200,False
Instagram,Parachute,parachuteadvansedarabia,Hair Care,Arabia,competitor,2025-12-25,11200,False
Instagram,Parachute,parachuteadvansedarabia,Hair Care,Arabia,competitor,2026-01-01,11200,False
Instagram,Parachute,parachuteadvansedarabia,Hair Care,Arabia,competitor,2026-02-01,11200,False
Instagram,Parachute,parachuteadvansedarabia,Hair Care,Arabia,competitor,2026-03-01,11221,False
Instagram,Parachute,parachuteadvansedarabia,Hair Care,Arabia,competitor,2026-04-01,11417,False
Instagram,Parachute,parachuteadvansedarabia,Hair Care,Arabia,competitor,2026-05-01,11833,False
Instagram,Parachute,parachuteadvansedarabia,Hair Care,Arabia,competitor,2026-06-01,12042,False
Instagram,Parachute Amla Arabia,parachuteamlaarabia,Hair Care,Arabia,competitor,2024-04-01,1,False
Instagram,Parachute Amla Arabia,parachuteamlaarabia,Hair Care,Arabia,competitor,2024-05-01,0,True
Instagram,Parachute Amla Arabia,parachuteamlaarabia,Hair Care,Arabia,competitor,2024-08-01,4,True
Instagram,Parachute Amla Arabia,parachuteamlaarabia,Hair Care,Arabia,competitor,2024-09-01,11,True
Instagram,Parachute Amla Arabia,parachuteamlaarabia,Hair Care,Arabia,competitor,2024-10-01,13,False
Instagram,Parachute Amla Arabia,parachuteamlaarabia,Hair Care,Arabia,competitor,2025-01-01,984,True
Instagram,Parachute Amla Arabia,parachuteamlaarabia,Hair Care,Arabia,competitor,2025-03-01,936,False
Instagram,Parachute Amla Arabia,parachuteamlaarabia,Hair Care,Arabia,competitor,2025-04-01,931,False
Instagram,Parachute Amla Arabia,parachuteamlaarabia,Hair Care,Arabia,competitor,2025-05-01,925,False
Instagram,Parachute Amla Arabia,parachuteamlaarabia,Hair Care,Arabia,competitor,2025-06-01,917,False
Instagram,Parachute Amla Arabia,parachuteamlaarabia,Hair Care,Arabia,competitor,2025-08-01,900,False
Instagram,Parachute Amla Arabia,parachuteamlaarabia,Hair Care,Arabia,competitor,2025-09-01,943,False
Instagram,Parachute Amla Arabia,parachuteamlaarabia,Hair Care,Arabia,competitor,2025-10-01,974,False
Instagram,Parachute Amla Arabia,parachuteamlaarabia,Hair Care,Arabia,competitor,2025-11-25,988,False
Instagram,Parachute Amla Arabia,parachuteamlaarabia,Hair Care,Arabia,competitor,2025-12-25,1055,False
Instagram,Parachute Amla Arabia,parachuteamlaarabia,Hair Care,Arabia,competitor,2026-01-01,1069,False
Instagram,Parachute Amla Arabia,parachuteamlaarabia,Hair Care,Arabia,competitor,2026-02-01,1064,False
Instagram,Parachute Amla Arabia,parachuteamlaarabia,Hair Care,Arabia,competitor,2026-03-01,1072,False
Instagram,Parachute Amla Arabia,parachuteamlaarabia,Hair Care,Arabia,competitor,2026-04-01,1055,False
Instagram,Parachute Amla Arabia,parachuteamlaarabia,Hair Care,Arabia,competitor,2026-05-01,1038,False
Instagram,Parachute Amla Arabia,parachuteamlaarabia,Hair Care,Arabia,competitor,2026-06-01,1033,False
Instagram,Pepsodent West Africa,pepsodent_West Africa,Oral Care,West Africa,competitor,2025-09-01,15100,False
Instagram,Pepsodent West Africa,pepsodent_West Africa,Oral Care,West Africa,competitor,2025-10-01,11080,False
Instagram,Pepsodent West Africa,pepsodent_West Africa,Oral Care,West Africa,competitor,2025-11-25,11064,False
Instagram,Pepsodent West Africa,pepsodent_West Africa,Oral Care,West Africa,competitor,2025-12-25,11040,False
Instagram,Pepsodent West Africa,pepsodent_West Africa,Oral Care,West Africa,competitor,2026-01-01,11019,False
Instagram,Pepsodent West Africa,pepsodent_West Africa,Oral Care,West Africa,competitor,2026-02-01,11010,False
Instagram,Pepsodent Nigeria,pepsodentng,Oral Care,West Africa,competitor,2025-09-01,16200,False
Instagram,Pepsodent Nigeria,pepsodentng,Oral Care,West Africa,competitor,2025-10-01,16300,False
Instagram,Pepsodent Nigeria,pepsodentng,Oral Care,West Africa,competitor,2025-11-25,16257,False
Instagram,Pepsodent Nigeria,pepsodentng,Oral Care,West Africa,competitor,2025-12-25,16235,False
Instagram,Pepsodent Nigeria,pepsodentng,Oral Care,West Africa,competitor,2026-01-01,16262,False
Instagram,Pepsodent Nigeria,pepsodentng,Oral Care,West Africa,competitor,2026-02-01,16264,False
Instagram,Pepsodent Nigeria,pepsodentng,Oral Care,West Africa,competitor,2026-03-01,16431,False
Instagram,Pepsodent Nigeria,pepsodentng,Oral Care,West Africa,competitor,2026-04-01,16730,False
Instagram,Pepsodent Nigeria,pepsodentng,Oral Care,West Africa,competitor,2026-05-01,16988,False
Instagram,Pepsodent Nigeria,pepsodentng,Oral Care,West Africa,competitor,2026-06-01,17176,False
Instagram,Ponds,pondsarabia,Skin Care,Arabia,competitor,2022-12-01,11000,False
Instagram,Ponds,pondsarabia,Skin Care,Arabia,competitor,2023-01-01,11000,False
Instagram,Ponds,pondsarabia,Skin Care,Arabia,competitor,2023-02-01,11300,False
Instagram,Ponds,pondsarabia,Skin Care,Arabia,competitor,2023-03-01,11500,False
Instagram,Ponds,pondsarabia,Skin Care,Arabia,competitor,2023-04-01,11806,False
Instagram,Ponds,pondsarabia,Skin Care,Arabia,competitor,2023-05-01,12097,False
Instagram,Ponds,pondsarabia,Skin Care,Arabia,competitor,2023-06-01,12400,False
Instagram,Ponds,pondsarabia,Skin Care,Arabia,competitor,2023-07-01,12400,False
Instagram,Ponds,pondsarabia,Skin Care,Arabia,competitor,2023-08-01,12500,False
Instagram,Ponds,pondsarabia,Skin Care,Arabia,competitor,2023-09-01,12700,False
Instagram,Ponds,pondsarabia,Skin Care,Arabia,competitor,2023-10-01,12800,False
Instagram,Ponds,pondsarabia,Skin Care,Arabia,competitor,2023-11-01,13000,False
Instagram,Ponds,pondsarabia,Skin Care,Arabia,competitor,2023-12-01,12800,False
Instagram,Ponds,pondsarabia,Skin Care,Arabia,competitor,2024-01-01,12800,False
Instagram,Ponds,pondsarabia,Skin Care,Arabia,competitor,2024-02-01,12800,False
Instagram,Ponds,pondsarabia,Skin Care,Arabia,competitor,2024-03-01,13000,False
Instagram,Ponds,pondsarabia,Skin Care,Arabia,competitor,2025-09-01,14200,False
Instagram,Ponds,pondsarabia,Skin Care,Arabia,competitor,2025-10-01,14100,False
Instagram,Ponds,pondsarabia,Skin Care,Arabia,competitor,2025-11-25,14100,False
Instagram,Ponds,pondsarabia,Skin Care,Arabia,competitor,2025-12-25,14100,False
Instagram,Ponds,pondsarabia,Skin Care,Arabia,competitor,2026-01-01,14100,False
Instagram,Ponds,pondsarabia,Skin Care,Arabia,competitor,2026-02-01,14000,False
Instagram,Ponds,pondsarabia,Skin Care,Arabia,competitor,2026-03-01,14048,False
Instagram,Ponds,pondsarabia,Skin Care,Arabia,competitor,2026-04-01,14006,False
Instagram,Ponds,pondsarabia,Skin Care,Arabia,competitor,2026-05-01,13874,False
Instagram,Ponds,pondsarabia,Skin Care,Arabia,competitor,2026-06-01,13851,False
Instagram,Princess Amira Amla Kids,princessamira_official,Hair Care,Arabia,dabur,2024-04-01,1,False
Instagram,Princess Amira Amla Kids,princessamira_official,Hair Care,Arabia,dabur,2024-05-01,1,False
Instagram,Princess Amira Amla Kids,princessamira_official,Hair Care,Arabia,dabur,2024-06-01,1,False
Instagram,Princess Amira Amla Kids,princessamira_official,Hair Care,Arabia,dabur,2024-07-01,10,True
Instagram,Princess Amira Amla Kids,princessamira_official,Hair Care,Arabia,dabur,2024-08-01,40,True
Instagram,Princess Amira Amla Kids,princessamira_official,Hair Care,Arabia,dabur,2024-09-01,3775,True
Instagram,Princess Amira Amla Kids,princessamira_official,Hair Care,Arabia,dabur,2024-10-01,3990,False
Instagram,Princess Amira Amla Kids,princessamira_official,Hair Care,Arabia,dabur,2025-01-01,5066,False
Instagram,Princess Amira Amla Kids,princessamira_official,Hair Care,Arabia,dabur,2025-02-01,5224,False
Instagram,Princess Amira Amla Kids,princessamira_official,Hair Care,Arabia,dabur,2025-03-01,5602,False
Instagram,Princess Amira Amla Kids,princessamira_official,Hair Care,Arabia,dabur,2025-04-01,5585,False
Instagram,Princess Amira Amla Kids,princessamira_official,Hair Care,Arabia,dabur,2025-05-01,5682,False
Instagram,Princess Amira Amla Kids,princessamira_official,Hair Care,Arabia,dabur,2025-06-01,5468,False
Instagram,Princess Amira Amla Kids,princessamira_official,Hair Care,Arabia,dabur,2025-08-01,5424,False
Instagram,Princess Amira Amla Kids,princessamira_official,Hair Care,Arabia,dabur,2025-09-01,5469,False
Instagram,Princess Amira Amla Kids,princessamira_official,Hair Care,Arabia,dabur,2025-10-01,5611,False
Instagram,Princess Amira Amla Kids,princessamira_official,Hair Care,Arabia,dabur,2025-11-25,5709,False
Instagram,Princess Amira Amla Kids,princessamira_official,Hair Care,Arabia,dabur,2025-12-25,5666,False
Instagram,Princess Amira Amla Kids,princessamira_official,Hair Care,Arabia,dabur,2026-01-01,5631,False
Instagram,Princess Amira Amla Kids,princessamira_official,Hair Care,Arabia,dabur,2026-02-01,5611,False
Instagram,Princess Amira Amla Kids,princessamira_official,Hair Care,Arabia,dabur,2026-03-01,5582,False
Instagram,Princess Amira Amla Kids,princessamira_official,Hair Care,Arabia,dabur,2026-04-01,5542,False
Instagram,Princess Amira Amla Kids,princessamira_official,Hair Care,Arabia,dabur,2026-05-01,5531,False
Instagram,Princess Amira Amla Kids,princessamira_official,Hair Care,Arabia,dabur,2026-06-01,5592,False
Instagram,Sensodyne,sensodynearabia,Oral Care,Arabia,competitor,2022-12-01,8065,False
Instagram,Sensodyne,sensodynearabia,Oral Care,Arabia,competitor,2023-01-01,8114,False
Instagram,Sensodyne,sensodynearabia,Oral Care,Arabia,competitor,2023-02-01,4664,False
Instagram,Sensodyne,sensodynearabia,Oral Care,Arabia,competitor,2023-03-01,8279,False
Instagram,Sensodyne,sensodynearabia,Oral Care,Arabia,competitor,2023-04-01,8249,False
Instagram,Sensodyne,sensodynearabia,Oral Care,Arabia,competitor,2023-05-01,8222,False
Instagram,Sensodyne,sensodynearabia,Oral Care,Arabia,competitor,2023-06-01,8279,False
Instagram,Sensodyne,sensodynearabia,Oral Care,Arabia,competitor,2023-07-01,8325,False
Instagram,Sensodyne,sensodynearabia,Oral Care,Arabia,competitor,2023-08-01,8320,False
Instagram,Sensodyne,sensodynearabia,Oral Care,Arabia,competitor,2023-09-01,8334,False
Instagram,Sensodyne,sensodynearabia,Oral Care,Arabia,competitor,2023-10-01,8349,False
Instagram,Sensodyne,sensodynearabia,Oral Care,Arabia,competitor,2023-11-01,8374,False
Instagram,Sensodyne,sensodynearabia,Oral Care,Arabia,competitor,2023-12-01,8374,False
Instagram,Sensodyne,sensodynearabia,Oral Care,Arabia,competitor,2024-01-01,8371,False
Instagram,Sensodyne,sensodynearabia,Oral Care,Arabia,competitor,2024-02-01,8379,False
Instagram,Sensodyne,sensodynearabia,Oral Care,Arabia,competitor,2024-03-01,8511,False
Instagram,Sensodyne Gulf,sensodynegulf,Oral Care,Arabia,competitor,2025-10-01,9895,False
Instagram,Sensodyne Gulf,sensodynegulf,Oral Care,Arabia,competitor,2025-11-25,9986,False
Instagram,Sensodyne Gulf,sensodynegulf,Oral Care,Arabia,competitor,2025-12-25,10100,False
Instagram,Sensodyne Gulf,sensodynegulf,Oral Care,Arabia,competitor,2026-01-01,10150,False
Instagram,Sensodyne Gulf,sensodynegulf,Oral Care,Arabia,competitor,2026-02-01,10300,False
Instagram,Sensodyne Gulf,sensodynegulf,Oral Care,Arabia,competitor,2026-03-01,10525,False
Instagram,Sensodyne Gulf,sensodynegulf,Oral Care,Arabia,competitor,2026-04-01,10989,False
Instagram,Sensodyne Gulf,sensodynegulf,Oral Care,Arabia,competitor,2026-05-01,11326,False
Instagram,Sensodyne Gulf,sensodynegulf,Oral Care,Arabia,competitor,2026-06-01,12088,False
Instagram,Sensodyne KSA,sensodyneksa,Oral Care,Arabia,competitor,2025-10-01,660,False
Instagram,Sensodyne KSA,sensodyneksa,Oral Care,Arabia,competitor,2025-11-25,675,False
Instagram,Sensodyne KSA,sensodyneksa,Oral Care,Arabia,competitor,2025-12-25,698,False
Instagram,Sensodyne KSA,sensodyneksa,Oral Care,Arabia,competitor,2026-01-01,700,False
Instagram,Sensodyne KSA,sensodyneksa,Oral Care,Arabia,competitor,2026-02-01,717,False
Instagram,Sensodyne KSA,sensodyneksa,Oral Care,Arabia,competitor,2026-03-01,740,False
Instagram,Sensodyne KSA,sensodyneksa,Oral Care,Arabia,competitor,2026-04-01,762,False
Instagram,Sensodyne KSA,sensodyneksa,Oral Care,Arabia,competitor,2026-05-01,788,False
Instagram,Sensodyne KSA,sensodyneksa,Oral Care,Arabia,competitor,2026-06-01,822,False
Instagram,Signal,signal.arabia,Oral Care,Arabia,competitor,2022-12-01,4652,False
Instagram,Signal,signal.arabia,Oral Care,Arabia,competitor,2023-01-01,4667,False
Instagram,Signal,signal.arabia,Oral Care,Arabia,competitor,2023-02-01,8253,False
Instagram,Signal,signal.arabia,Oral Care,Arabia,competitor,2023-03-01,4680,False
Instagram,Signal,signal.arabia,Oral Care,Arabia,competitor,2023-04-01,4701,False
Instagram,Signal,signal.arabia,Oral Care,Arabia,competitor,2023-05-01,4717,False
Instagram,Signal,signal.arabia,Oral Care,Arabia,competitor,2023-06-01,4733,False
Instagram,Signal,signal.arabia,Oral Care,Arabia,competitor,2023-07-01,4736,False
Instagram,Signal,signal.arabia,Oral Care,Arabia,competitor,2023-08-01,4741,False
Instagram,Signal,signal.arabia,Oral Care,Arabia,competitor,2023-09-01,4759,False
Instagram,Signal,signal.arabia,Oral Care,Arabia,competitor,2023-10-01,4781,False
Instagram,Signal,signal.arabia,Oral Care,Arabia,competitor,2023-11-01,4804,False
Instagram,Signal,signal.arabia,Oral Care,Arabia,competitor,2023-12-01,4812,False
Instagram,Signal,signal.arabia,Oral Care,Arabia,competitor,2024-01-01,4812,False
Instagram,Signal,signal.arabia,Oral Care,Arabia,competitor,2024-02-01,4819,False
Instagram,Signal,signal.arabia,Oral Care,Arabia,competitor,2024-03-01,4819,False
Instagram,Signal,signal.arabia,Oral Care,Arabia,competitor,2025-04-01,5225,False
Instagram,Signal,signal.arabia,Oral Care,Arabia,competitor,2025-05-01,5429,False
Instagram,Signal,signal.arabia,Oral Care,Arabia,competitor,2025-06-01,5538,False
Instagram,Signal,signal.arabia,Oral Care,Arabia,competitor,2025-08-01,5686,False
Instagram,Signal,signal.arabia,Oral Care,Arabia,competitor,2025-09-01,5761,False
Instagram,Signal,signal.arabia,Oral Care,Arabia,competitor,2025-10-01,5846,False
Instagram,Signal,signal.arabia,Oral Care,Arabia,competitor,2025-11-25,6169,False
Instagram,Signal,signal.arabia,Oral Care,Arabia,competitor,2025-12-25,6233,False
Instagram,Signal,signal.arabia,Oral Care,Arabia,competitor,2026-01-01,6308,False
Instagram,Signal,signal.arabia,Oral Care,Arabia,competitor,2026-02-01,6310,False
Instagram,Signal,signal.arabia,Oral Care,Arabia,competitor,2026-03-01,6360,False
Instagram,Signal,signal.arabia,Oral Care,Arabia,competitor,2026-04-01,6358,False
Instagram,Signal,signal.arabia,Oral Care,Arabia,competitor,2026-05-01,6436,False
Instagram,Signal,signal.arabia,Oral Care,Arabia,competitor,2026-06-01,6778,False
Instagram,Sunsilk,sunsilkarabia,Hair Care,Arabia,competitor,2022-12-01,38000,False
Instagram,Sunsilk,sunsilkarabia,Hair Care,Arabia,competitor,2023-01-01,39100,False
Instagram,Sunsilk,sunsilkarabia,Hair Care,Arabia,competitor,2023-02-01,40000,False
Instagram,Sunsilk,sunsilkarabia,Hair Care,Arabia,competitor,2023-03-01,40200,False
Instagram,Sunsilk,sunsilkarabia,Hair Care,Arabia,competitor,2023-04-01,40400,False
Instagram,Sunsilk,sunsilkarabia,Hair Care,Arabia,competitor,2023-05-01,40796,False
Instagram,Sunsilk,sunsilkarabia,Hair Care,Arabia,competitor,2023-06-01,42000,False
Instagram,Sunsilk,sunsilkarabia,Hair Care,Arabia,competitor,2023-07-01,42300,False
Instagram,Sunsilk,sunsilkarabia,Hair Care,Arabia,competitor,2023-08-01,42300,False
Instagram,Sunsilk,sunsilkarabia,Hair Care,Arabia,competitor,2023-09-01,42600,False
Instagram,Sunsilk,sunsilkarabia,Hair Care,Arabia,competitor,2023-10-01,43100,False
Instagram,Sunsilk,sunsilkarabia,Hair Care,Arabia,competitor,2023-11-01,42900,False
Instagram,Sunsilk,sunsilkarabia,Hair Care,Arabia,competitor,2023-12-01,42700,False
Instagram,Sunsilk,sunsilkarabia,Hair Care,Arabia,competitor,2024-01-01,43700,False
Instagram,Sunsilk,sunsilkarabia,Hair Care,Arabia,competitor,2024-02-01,42900,False
Instagram,Sunsilk,sunsilkarabia,Hair Care,Arabia,competitor,2024-03-01,43000,False
Instagram,Sunsilk,sunsilkarabia,Hair Care,Arabia,competitor,2024-04-01,43847,False
Instagram,Sunsilk,sunsilkarabia,Hair Care,Arabia,competitor,2024-05-01,44052,False
Instagram,Sunsilk,sunsilkarabia,Hair Care,Arabia,competitor,2024-06-01,44149,False
Instagram,Sunsilk,sunsilkarabia,Hair Care,Arabia,competitor,2024-07-01,44256,False
Instagram,Sunsilk,sunsilkarabia,Hair Care,Arabia,competitor,2024-08-01,44363,False
Instagram,Sunsilk,sunsilkarabia,Hair Care,Arabia,competitor,2024-09-01,45006,False
Instagram,Sunsilk,sunsilkarabia,Hair Care,Arabia,competitor,2024-10-01,45210,False
Instagram,Sunsilk,sunsilkarabia,Hair Care,Arabia,competitor,2025-01-01,45937,False
Instagram,Sunsilk,sunsilkarabia,Hair Care,Arabia,competitor,2025-02-01,46121,False
Instagram,Sunsilk,sunsilkarabia,Hair Care,Arabia,competitor,2025-03-01,46400,False
Instagram,Sunsilk,sunsilkarabia,Hair Care,Arabia,competitor,2025-04-01,46567,False
Instagram,Sunsilk,sunsilkarabia,Hair Care,Arabia,competitor,2025-05-01,46692,False
Instagram,Sunsilk,sunsilkarabia,Hair Care,Arabia,competitor,2025-06-01,48260,False
Instagram,Sunsilk,sunsilkarabia,Hair Care,Arabia,competitor,2025-08-01,49234,False
Instagram,Sunsilk,sunsilkarabia,Hair Care,Arabia,competitor,2025-09-01,28091,False
Instagram,Sunsilk,sunsilkarabia,Hair Care,Arabia,competitor,2025-10-01,49735,False
Instagram,Sunsilk,sunsilkarabia,Hair Care,Arabia,competitor,2025-11-25,49946,False
Instagram,Sunsilk,sunsilkarabia,Hair Care,Arabia,competitor,2025-12-25,50082,False
Instagram,Sunsilk,sunsilkarabia,Hair Care,Arabia,competitor,2026-01-01,50050,False
Instagram,Sunsilk,sunsilkarabia,Hair Care,Arabia,competitor,2026-02-01,49923,False
Instagram,Sunsilk,sunsilkarabia,Hair Care,Arabia,competitor,2026-03-01,49952,False
Instagram,Sunsilk,sunsilkarabia,Hair Care,Arabia,competitor,2026-04-01,50419,False
Instagram,Sunsilk,sunsilkarabia,Hair Care,Arabia,competitor,2026-05-01,51025,False
Instagram,Sunsilk,sunsilkarabia,Hair Care,Arabia,competitor,2026-06-01,51636,False
Instagram,TCB Naturals,tcbnaturals.ng,Hair Care,West Africa,competitor,2025-09-01,7806,False
Instagram,TCB Naturals,tcbnaturals.ng,Hair Care,West Africa,competitor,2025-10-01,7779,False
Instagram,TCB Naturals,tcbnaturals.ng,Hair Care,West Africa,competitor,2025-11-25,7752,False
Instagram,TCB Naturals,tcbnaturals.ng,Hair Care,West Africa,competitor,2025-12-25,7754,False
Instagram,TCB Naturals,tcbnaturals.ng,Hair Care,West Africa,competitor,2026-01-01,7752,False
Instagram,TCB Naturals,tcbnaturals.ng,Hair Care,West Africa,competitor,2026-02-01,7700,False
Instagram,TCB Naturals,tcbnaturals.ng,Hair Care,West Africa,competitor,2026-03-01,7678,False
Instagram,TCB Naturals,tcbnaturals.ng,Hair Care,West Africa,competitor,2026-04-01,7662,False
Instagram,TCB Naturals,tcbnaturals.ng,Hair Care,West Africa,competitor,2026-05-01,7550,False
Instagram,TCB Naturals,tcbnaturals.ng,Hair Care,West Africa,competitor,2026-06-01,7539,False
Instagram,TCB Naturals,tcbnaturalsEast Africa,Hair Care,East Africa,competitor,2025-09-01,9453,False
Instagram,TCB Naturals,tcbnaturalsEast Africa,Hair Care,East Africa,competitor,2025-10-01,9432,False
Instagram,TCB Naturals,tcbnaturalsEast Africa,Hair Care,East Africa,competitor,2025-11-25,9411,False
Instagram,TCB Naturals,tcbnaturalsEast Africa,Hair Care,East Africa,competitor,2025-12-25,9402,False
Instagram,TCB Naturals,tcbnaturalsEast Africa,Hair Care,East Africa,competitor,2026-01-01,9401,False
Instagram,TCB Naturals,tcbnaturalsEast Africa,Hair Care,East Africa,competitor,2026-02-01,9384,False
Instagram,TCB Naturals,tcbnaturalsssa,Hair Care,South Africa,competitor,2025-09-01,1866,False
Instagram,TCB Naturals,tcbnaturalsssa,Hair Care,South Africa,competitor,2025-10-01,1855,False
Instagram,TCB Naturals,tcbnaturalsssa,Hair Care,South Africa,competitor,2025-11-25,1849,False
Instagram,TCB Naturals,tcbnaturalsssa,Hair Care,South Africa,competitor,2025-12-25,1847,False
Instagram,TCB Naturals,tcbnaturalsssa,Hair Care,South Africa,competitor,2026-01-01,1841,False
Instagram,TCB Naturals,tcbnaturalsssa,Hair Care,South Africa,competitor,2026-02-01,1841,False
Instagram,Tresemme,tresemmearabia,Hair Care,Arabia,competitor,2022-12-01,775000,False
Instagram,Tresemme,tresemmearabia,Hair Care,Arabia,competitor,2023-01-01,30700,True
Instagram,Tresemme,tresemmearabia,Hair Care,Arabia,competitor,2023-02-01,31200,False
Instagram,Tresemme,tresemmearabia,Hair Care,Arabia,competitor,2023-03-01,31500,False
Instagram,Tresemme,tresemmearabia,Hair Care,Arabia,competitor,2023-04-01,31793,False
Instagram,Tresemme,tresemmearabia,Hair Care,Arabia,competitor,2023-05-01,32417,False
Instagram,Tresemme,tresemmearabia,Hair Care,Arabia,competitor,2023-06-01,32500,False
Instagram,Tresemme,tresemmearabia,Hair Care,Arabia,competitor,2023-07-01,32500,False
Instagram,Tresemme,tresemmearabia,Hair Care,Arabia,competitor,2023-08-01,32500,False
Instagram,Tresemme,tresemmearabia,Hair Care,Arabia,competitor,2023-09-01,32700,False
Instagram,Tresemme,tresemmearabia,Hair Care,Arabia,competitor,2023-10-01,32600,False
Instagram,Tresemme,tresemmearabia,Hair Care,Arabia,competitor,2023-11-01,32600,False
Instagram,Tresemme,tresemmearabia,Hair Care,Arabia,competitor,2023-12-01,32600,False
Instagram,Tresemme,tresemmearabia,Hair Care,Arabia,competitor,2024-01-01,32600,False
Instagram,Tresemme,tresemmearabia,Hair Care,Arabia,competitor,2024-02-01,32600,False
Instagram,Tresemme,tresemmearabia,Hair Care,Arabia,competitor,2024-03-01,32600,False
Instagram,Tresemme,tresemmearabia,Hair Care,Arabia,competitor,2024-04-01,31724,False
Instagram,Tresemme,tresemmearabia,Hair Care,Arabia,competitor,2024-05-01,31720,False
Instagram,Tresemme,tresemmearabia,Hair Care,Arabia,competitor,2024-06-01,31684,False
Instagram,Tresemme,tresemmearabia,Hair Care,Arabia,competitor,2024-07-01,31660,False
Instagram,Tresemme,tresemmearabia,Hair Care,Arabia,competitor,2024-08-01,31608,False
Instagram,Tresemme,tresemmearabia,Hair Care,Arabia,competitor,2024-09-01,31458,False
Instagram,Tresemme,tresemmearabia,Hair Care,Arabia,competitor,2024-10-01,31395,False
Instagram,Tresemme,tresemmearabia,Hair Care,Arabia,competitor,2025-01-01,31176,False
Instagram,Tresemme,tresemmearabia,Hair Care,Arabia,competitor,2025-02-01,31117,False
Instagram,Tresemme,tresemmearabia,Hair Care,Arabia,competitor,2025-03-01,31000,False
Instagram,Tresemme,tresemmearabia,Hair Care,Arabia,competitor,2025-04-01,30991,False
Instagram,Tresemme,tresemmearabia,Hair Care,Arabia,competitor,2025-05-01,30932,False
Instagram,Tresemme,tresemmearabia,Hair Care,Arabia,competitor,2025-06-01,30813,False
Instagram,Tresemme,tresemmearabia,Hair Care,Arabia,competitor,2025-08-01,30754,False
Instagram,Tresemme,tresemmearabia,Hair Care,Arabia,competitor,2025-09-01,30600,False
Instagram,Tresemme,tresemmearabia,Hair Care,Arabia,competitor,2025-10-01,30500,False
Instagram,Tresemme,tresemmearabia,Hair Care,Arabia,competitor,2025-11-25,30456,False
Instagram,Tresemme,tresemmearabia,Hair Care,Arabia,competitor,2025-12-25,30400,False
Instagram,Tresemme,tresemmearabia,Hair Care,Arabia,competitor,2026-01-01,30340,False
Instagram,Tresemme,tresemmearabia,Hair Care,Arabia,competitor,2026-02-01,30200,False
Instagram,Vaseline,vaselinearabia,Skin Care,Arabia,competitor,2022-12-01,33000,False
Instagram,Vaseline,vaselinearabia,Skin Care,Arabia,competitor,2023-01-01,33600,False
Instagram,Vaseline,vaselinearabia,Skin Care,Arabia,competitor,2023-02-01,34000,False
Instagram,Vaseline,vaselinearabia,Skin Care,Arabia,competitor,2023-03-01,34000,False
Instagram,Vaseline,vaselinearabia,Skin Care,Arabia,competitor,2023-04-01,34674,False
Instagram,Vaseline,vaselinearabia,Skin Care,Arabia,competitor,2023-05-01,34996,False
Instagram,Vaseline,vaselinearabia,Skin Care,Arabia,competitor,2023-06-01,35500,False
Instagram,Vaseline,vaselinearabia,Skin Care,Arabia,competitor,2023-07-01,35600,False
Instagram,Vaseline,vaselinearabia,Skin Care,Arabia,competitor,2023-08-01,35800,False
Instagram,Vaseline,vaselinearabia,Skin Care,Arabia,competitor,2023-09-01,36100,False
Instagram,Vaseline,vaselinearabia,Skin Care,Arabia,competitor,2023-10-01,37500,False
Instagram,Vaseline,vaselinearabia,Skin Care,Arabia,competitor,2023-11-01,38000,False
Instagram,Vaseline,vaselinearabia,Skin Care,Arabia,competitor,2023-12-01,38000,False
Instagram,Vaseline,vaselinearabia,Skin Care,Arabia,competitor,2024-01-01,38000,False
Instagram,Vaseline,vaselinearabia,Skin Care,Arabia,competitor,2024-02-01,38000,False
Instagram,Vaseline,vaselinearabia,Skin Care,Arabia,competitor,2024-03-01,38000,False
Instagram,Vaseline,vaselinearabia,Skin Care,Arabia,competitor,2024-04-01,37978,False
Instagram,Vaseline,vaselinearabia,Skin Care,Arabia,competitor,2024-05-01,38077,False
Instagram,Vaseline,vaselinearabia,Skin Care,Arabia,competitor,2024-06-01,38112,False
Instagram,Vaseline,vaselinearabia,Skin Care,Arabia,competitor,2024-07-01,38336,False
Instagram,Vaseline,vaselinearabia,Skin Care,Arabia,competitor,2024-08-01,38432,False
Instagram,Vaseline,vaselinearabia,Skin Care,Arabia,competitor,2024-09-01,38748,False
Instagram,Vaseline,vaselinearabia,Skin Care,Arabia,competitor,2024-10-01,38974,False
Instagram,Vaseline,vaselinearabia,Skin Care,Arabia,competitor,2025-01-01,39856,False
Instagram,Vaseline,vaselinearabia,Skin Care,Arabia,competitor,2025-02-01,40200,False
Instagram,Vaseline,vaselinearabia,Skin Care,Arabia,competitor,2025-03-01,42400,False
Instagram,Vaseline,vaselinearabia,Skin Care,Arabia,competitor,2025-04-01,42630,False
Instagram,Vaseline,vaselinearabia,Skin Care,Arabia,competitor,2025-05-01,43838,False
Instagram,Vaseline,vaselinearabia,Skin Care,Arabia,competitor,2025-06-01,45821,False
Instagram,Vaseline,vaselinearabia,Skin Care,Arabia,competitor,2025-08-01,47060,False
Instagram,Vaseline,vaselinearabia,Skin Care,Arabia,competitor,2025-09-01,47900,False
Instagram,Vaseline,vaselinearabia,Skin Care,Arabia,competitor,2025-10-01,48465,False
Instagram,Vaseline,vaselinearabia,Skin Care,Arabia,competitor,2025-11-25,48819,False
Instagram,Vaseline,vaselinearabia,Skin Care,Arabia,competitor,2025-12-25,48873,False
Instagram,Vaseline,vaselinearabia,Skin Care,Arabia,competitor,2026-01-01,49362,False
Instagram,Vaseline,vaselinearabia,Skin Care,Arabia,competitor,2026-02-01,49619,False
Instagram,Vaseline,vaselinearabia,Skin Care,Arabia,competitor,2026-03-01,50896,False
Instagram,Vaseline,vaselinearabia,Skin Care,Arabia,competitor,2026-04-01,51245,False
Instagram,Vaseline,vaselinearabia,Skin Care,Arabia,competitor,2026-05-01,53102,False
Instagram,Vaseline,vaselinearabia,Skin Care,Arabia,competitor,2026-06-01,54576,False
Instagram,Vatika,vatika.arabia,Hair Care,Arabia,dabur,2022-12-01,886,False
Instagram,Vatika,vatika.arabia,Hair Care,Arabia,dabur,2023-01-01,23000,True
Instagram,Vatika,vatika.arabia,Hair Care,Arabia,dabur,2023-02-01,23100,False
Instagram,Vatika,vatika.arabia,Hair Care,Arabia,dabur,2023-03-01,23000,False
Instagram,Vatika,vatika.arabia,Hair Care,Arabia,dabur,2023-04-01,23200,False
Instagram,Vatika,vatika.arabia,Hair Care,Arabia,dabur,2023-05-01,23485,False
Instagram,Vatika,vatika.arabia,Hair Care,Arabia,dabur,2023-06-01,23500,False
Instagram,Vatika,vatika.arabia,Hair Care,Arabia,dabur,2023-07-01,23500,False
Instagram,Vatika,vatika.arabia,Hair Care,Arabia,dabur,2023-08-01,23400,False
Instagram,Vatika,vatika.arabia,Hair Care,Arabia,dabur,2023-09-01,23800,False
Instagram,Vatika,vatika.arabia,Hair Care,Arabia,dabur,2023-10-01,24300,False
Instagram,Vatika,vatika.arabia,Hair Care,Arabia,dabur,2023-11-01,25000,False
Instagram,Vatika,vatika.arabia,Hair Care,Arabia,dabur,2023-12-01,25000,False
Instagram,Vatika,vatika.arabia,Hair Care,Arabia,dabur,2024-01-01,26000,False
Instagram,Vatika,vatika.arabia,Hair Care,Arabia,dabur,2024-02-01,26000,False
Instagram,Vatika,vatika.arabia,Hair Care,Arabia,dabur,2024-03-01,26000,False
Instagram,Vatika,vatika.arabia,Hair Care,Arabia,dabur,2024-04-01,26024,False
Instagram,Vatika,vatika.arabia,Hair Care,Arabia,dabur,2024-05-01,26055,False
Instagram,Vatika,vatika.arabia,Hair Care,Arabia,dabur,2024-06-01,27247,False
Instagram,Vatika,vatika.arabia,Hair Care,Arabia,dabur,2024-07-01,27989,False
Instagram,Vatika,vatika.arabia,Hair Care,Arabia,dabur,2024-08-01,28730,False
Instagram,Vatika,vatika.arabia,Hair Care,Arabia,dabur,2024-09-01,34667,False
Instagram,Vatika,vatika.arabia,Hair Care,Arabia,dabur,2024-10-01,40114,False
Instagram,Vatika,vatika.arabia,Hair Care,Arabia,dabur,2025-01-01,53650,False
Instagram,Vatika,vatika.arabia,Hair Care,Arabia,dabur,2025-02-01,55413,False
Instagram,Vatika,vatika.arabia,Hair Care,Arabia,dabur,2025-03-01,65100,False
Instagram,Vatika,vatika.arabia,Hair Care,Arabia,dabur,2025-04-01,67208,False
Instagram,Vatika,vatika.arabia,Hair Care,Arabia,dabur,2025-05-01,70544,False
Instagram,Vatika,vatika.arabia,Hair Care,Arabia,dabur,2025-06-01,80863,False
Instagram,Vatika,vatika.arabia,Hair Care,Arabia,dabur,2025-08-01,84940,False
Instagram,Vatika,vatika.arabia,Hair Care,Arabia,dabur,2025-09-01,85100,False
Instagram,Vatika,vatika.arabia,Hair Care,Arabia,dabur,2025-10-01,86471,False
Instagram,Vatika,vatika.arabia,Hair Care,Arabia,dabur,2025-11-25,87669,False
Instagram,Vatika,vatika.arabia,Hair Care,Arabia,dabur,2025-12-25,87800,False
Instagram,Vatika,vatika.arabia,Hair Care,Arabia,dabur,2026-01-01,88254,False
Instagram,Vatika,vatika.arabia,Hair Care,Arabia,dabur,2026-02-01,89425,False
Instagram,Vatika,vatika.arabia,Hair Care,Arabia,dabur,2026-03-01,91017,False
Instagram,Vatika,vatika.arabia,Hair Care,Arabia,dabur,2026-04-01,90879,False
Instagram,Vatika,vatika.arabia,Hair Care,Arabia,dabur,2026-05-01,91109,False
Instagram,Vatika,vatika.arabia,Hair Care,Arabia,dabur,2026-06-01,91268,False
Instagram,Vatika Curls,vatika.curls,Hair Care,Arabia,dabur,2025-04-01,45,False
Instagram,Vatika Curls,vatika.curls,Hair Care,Arabia,dabur,2025-05-01,148,True
Instagram,Vatika Curls,vatika.curls,Hair Care,Arabia,dabur,2025-06-01,182,False
Instagram,Vatika Curls,vatika.curls,Hair Care,Arabia,dabur,2025-08-01,196,False
Instagram,Vatika Curls,vatika.curls,Hair Care,Arabia,dabur,2025-09-01,209,False
Instagram,Vatika Curls,vatika.curls,Hair Care,Arabia,dabur,2025-10-01,280,False
Instagram,Vatika Curls,vatika.curls,Hair Care,Arabia,dabur,2025-11-25,293,False
Instagram,Vatika Curls,vatika.curls,Hair Care,Arabia,dabur,2025-12-25,304,False
Instagram,Vatika Curls,vatika.curls,Hair Care,Arabia,dabur,2026-01-01,320,False
Instagram,Vatika Curls,vatika.curls,Hair Care,Arabia,dabur,2026-02-01,318,False
Instagram,Vatika Curls,vatika.curls,Hair Care,Arabia,dabur,2026-03-01,330,False
Instagram,Vatika Curls,vatika.curls,Hair Care,Arabia,dabur,2026-04-01,337,False
Instagram,Vatika Curls,vatika.curls,Hair Care,Arabia,dabur,2026-05-01,340,False
Instagram,Vatika Curls,vatika.curls,Hair Care,Arabia,dabur,2026-06-01,355,False
Instagram,vatika,vatika.ethiopia,Hair Care,Ethiopia,dabur,2025-09-01,1692,False
Instagram,vatika,vatika.ethiopia,Hair Care,Ethiopia,dabur,2025-10-01,1775,False
Instagram,vatika,vatika.ethiopia,Hair Care,Ethiopia,dabur,2025-11-25,1794,False
Instagram,vatika,vatika.ethiopia,Hair Care,Ethiopia,dabur,2025-12-25,1809,False
Instagram,vatika,vatika.ethiopia,Hair Care,Ethiopia,dabur,2026-01-01,1824,False
Instagram,vatika,vatika.ethiopia,Hair Care,Ethiopia,dabur,2026-02-01,1869,False
Instagram,vatika,vatika.ethiopia,Hair Care,Ethiopia,dabur,2026-03-01,1937,False
Instagram,vatika,vatika.ethiopia,Hair Care,Ethiopia,dabur,2026-04-01,1845,False
Instagram,vatika,vatika.ethiopia,Hair Care,Ethiopia,dabur,2026-05-01,1883,False
Instagram,vatika,vatika.ethiopia,Hair Care,Ethiopia,dabur,2026-06-01,1900,False
Instagram,Vatika,vatikaayurveda,Hair Care,Global,dabur,2022-12-01,886,False
Instagram,Vatika,vatikaayurveda,Hair Care,Global,dabur,2023-01-01,904,False
Instagram,Vatika,vatikaayurveda,Hair Care,Global,dabur,2023-02-01,913,False
Instagram,Vatika,vatikaayurveda,Hair Care,Global,dabur,2023-03-01,923,False
Instagram,Vatika,vatikaayurveda,Hair Care,Global,dabur,2023-04-01,919,False
Instagram,Vatika,vatikaayurveda,Hair Care,Global,dabur,2023-05-01,924,False
Instagram,Vatika,vatikaayurveda,Hair Care,Global,dabur,2023-06-01,925,False
Instagram,Vatika,vatikaayurveda,Hair Care,Global,dabur,2023-07-01,924,False
Instagram,Vatika,vatikaayurveda,Hair Care,Global,dabur,2023-08-01,927,False
Instagram,Vatika,vatikaayurveda,Hair Care,Global,dabur,2023-09-01,928,False
Instagram,Vatika,vatikaayurveda,Hair Care,Global,dabur,2023-10-01,917,False
Instagram,Vatika,vatikaayurveda,Hair Care,Global,dabur,2023-11-01,945,False
Instagram,Vatika,vatikaayurveda,Hair Care,Global,dabur,2023-12-01,945,False
Instagram,Vatika,vatikaayurveda,Hair Care,Global,dabur,2024-01-01,951,False
Instagram,Vatika,vatikaayurveda,Hair Care,Global,dabur,2024-02-01,945,False
Instagram,Vatika,vatikaayurveda,Hair Care,Global,dabur,2024-03-01,940,False
Instagram,Vatika,vatikaayurveda,Hair Care,Global,dabur,2025-09-01,894,False
Instagram,Vatika,vatikaayurveda,Hair Care,Global,dabur,2025-10-01,892,False
Instagram,Vatika Menz,vatikamen,Hair Care,Arabia,dabur,2022-12-01,43500,False
Instagram,Vatika Menz,vatikamen,Hair Care,Arabia,dabur,2023-01-01,43400,False
Instagram,Vatika Menz,vatikamen,Hair Care,Arabia,dabur,2023-02-01,43200,False
Instagram,Vatika Menz,vatikamen,Hair Care,Arabia,dabur,2023-03-01,43100,False
Instagram,Vatika Menz,vatikamen,Hair Care,Arabia,dabur,2023-04-01,43118,False
Instagram,Vatika Menz,vatikamen,Hair Care,Arabia,dabur,2023-05-01,43022,False
Instagram,Vatika Menz,vatikamen,Hair Care,Arabia,dabur,2023-06-01,42800,False
Instagram,Vatika Menz,vatikamen,Hair Care,Arabia,dabur,2023-07-01,42700,False
Instagram,Vatika Menz,vatikamen,Hair Care,Arabia,dabur,2023-08-01,42700,False
Instagram,Vatika Menz,vatikamen,Hair Care,Arabia,dabur,2023-09-01,42600,False
Instagram,Vatika Menz,vatikamen,Hair Care,Arabia,dabur,2023-10-01,42500,False
Instagram,Vatika Menz,vatikamen,Hair Care,Arabia,dabur,2023-11-01,42500,False
Instagram,Vatika Menz,vatikamen,Hair Care,Arabia,dabur,2023-12-01,42500,False
Instagram,Vatika Menz,vatikamen,Hair Care,Arabia,dabur,2024-01-01,42500,False
Instagram,Vatika Menz,vatikamen,Hair Care,Arabia,dabur,2024-02-01,42300,False
Instagram,Vatika Menz,vatikamen,Hair Care,Arabia,dabur,2024-03-01,9721,True
Instagram,Vatika Menz,vatikamen,Hair Care,Arabia,dabur,2024-04-01,41798,True
Instagram,Vatika Menz,vatikamen,Hair Care,Arabia,dabur,2024-05-01,41822,False
Instagram,Vatika Menz,vatikamen,Hair Care,Arabia,dabur,2024-06-01,41855,False
Instagram,Vatika Menz,vatikamen,Hair Care,Arabia,dabur,2024-07-01,41876,False
Instagram,Vatika Menz,vatikamen,Hair Care,Arabia,dabur,2024-08-01,41893,False
Instagram,Vatika Menz,vatikamen,Hair Care,Arabia,dabur,2024-09-01,41906,False
Instagram,Vatika Menz,vatikamen,Hair Care,Arabia,dabur,2024-10-01,41884,False
Instagram,Vatika Menz,vatikamen,Hair Care,Arabia,dabur,2025-01-01,41884,False
Instagram,Vatika Menz,vatikamen,Hair Care,Arabia,dabur,2025-03-01,42000,False
Instagram,Vatika Menz,vatikamen,Hair Care,Arabia,dabur,2025-04-01,42014,False
Instagram,Vatika Menz,vatikamen,Hair Care,Arabia,dabur,2025-05-01,41954,False
Instagram,Vatika Menz,vatikamen,Hair Care,Arabia,dabur,2025-06-01,41962,False
Instagram,Vatika Menz,vatikamen,Hair Care,Arabia,dabur,2025-08-01,41892,False
Instagram,Vatika Menz,vatikamen,Hair Care,Arabia,dabur,2025-09-01,41830,False
Instagram,Vatika Menz,vatikamen,Hair Care,Arabia,dabur,2025-10-01,41810,False
Instagram,Vatika Menz,vatikamen,Hair Care,Arabia,dabur,2025-11-25,41766,False
Instagram,Vatika Menz,vatikamen,Hair Care,Arabia,dabur,2025-12-25,41734,False
Instagram,Vatika Menz,vatikamen,Hair Care,Arabia,dabur,2026-01-01,41724,False
Instagram,Vatika Menz,vatikamen,Hair Care,Arabia,dabur,2026-02-01,41709,False
Instagram,Vatika Menz,vatikamen,Hair Care,Arabia,dabur,2026-03-01,41648,False
Instagram,Vatika Menz,vatikamen,Hair Care,Arabia,dabur,2026-04-01,41595,False
Instagram,Vatika Menz,vatikamen,Hair Care,Arabia,dabur,2026-05-01,39279,False
Instagram,Vatika Menz,vatikamen,Hair Care,Arabia,dabur,2026-06-01,39203,False
Instagram,Veet,veetarabia,Hair Removal,Arabia,competitor,2022-12-01,24600,False
Instagram,Veet,veetarabia,Hair Removal,Arabia,competitor,2023-01-01,25400,False
Instagram,Veet,veetarabia,Hair Removal,Arabia,competitor,2023-02-01,25710,False
Instagram,Veet,veetarabia,Hair Removal,Arabia,competitor,2023-03-01,26000,False
Instagram,Veet,veetarabia,Hair Removal,Arabia,competitor,2023-04-01,26180,False
Instagram,Veet,veetarabia,Hair Removal,Arabia,competitor,2023-05-01,26136,False
Instagram,Veet,veetarabia,Hair Removal,Arabia,competitor,2023-06-01,26000,False
Instagram,Veet,veetarabia,Hair Removal,Arabia,competitor,2023-07-01,25900,False
Instagram,Veet,veetarabia,Hair Removal,Arabia,competitor,2023-08-01,25800,False
Instagram,Veet,veetarabia,Hair Removal,Arabia,competitor,2023-09-01,25700,False
Instagram,Veet,veetarabia,Hair Removal,Arabia,competitor,2023-10-01,25600,False
Instagram,Veet,veetarabia,Hair Removal,Arabia,competitor,2023-11-01,25600,False
Instagram,Veet,veetarabia,Hair Removal,Arabia,competitor,2023-12-01,25300,False
Instagram,Veet,veetarabia,Hair Removal,Arabia,competitor,2024-01-01,25300,False
Instagram,Veet,veetarabia,Hair Removal,Arabia,competitor,2024-02-01,25300,False
Instagram,Veet,veetarabia,Hair Removal,Arabia,competitor,2024-03-01,25300,False
Instagram,Veet,veetarabia,Hair Removal,Arabia,competitor,2025-04-01,23922,False
Instagram,Veet,veetarabia,Hair Removal,Arabia,competitor,2025-05-01,24056,False
Instagram,Veet,veetarabia,Hair Removal,Arabia,competitor,2025-06-01,24244,False
Instagram,Veet,veetarabia,Hair Removal,Arabia,competitor,2025-08-01,24129,False
Instagram,Veet,veetarabia,Hair Removal,Arabia,competitor,2025-09-01,24200,False
Instagram,Veet,veetarabia,Hair Removal,Arabia,competitor,2025-10-01,23992,False
Instagram,Veet,veetarabia,Hair Removal,Arabia,competitor,2025-11-25,23963,False
Instagram,Veet,veetarabia,Hair Removal,Arabia,competitor,2025-12-25,23904,False
Instagram,Veet,veetarabia,Hair Removal,Arabia,competitor,2026-01-01,23834,False
Instagram,Veet,veetarabia,Hair Removal,Arabia,competitor,2026-02-01,23813,False
Instagram,Veet,veetarabia,Hair Removal,Arabia,competitor,2026-03-01,23755,False
Instagram,Veet,veetarabia,Hair Removal,Arabia,competitor,2026-04-01,23728,False
Instagram,Veet,veetarabia,Hair Removal,Arabia,competitor,2026-05-01,23283,False
Instagram,Veet,veetarabia,Hair Removal,Arabia,competitor,2026-06-01,23283,False
Instagram,White Dent,whitedenttz,Oral Care,East Africa,competitor,2025-09-01,6865,False
Instagram,White Dent,whitedenttz,Oral Care,East Africa,competitor,2025-10-01,6939,False
Instagram,White Dent,whitedenttz,Oral Care,East Africa,competitor,2025-11-25,6998,False
Instagram,White Dent,whitedenttz,Oral Care,East Africa,competitor,2025-12-25,8228,False
Instagram,White Dent,whitedenttz,Oral Care,East Africa,competitor,2026-01-01,10792,False
Instagram,White Dent,whitedenttz,Oral Care,East Africa,competitor,2026-02-01,11106,False
Instagram,White Dent,whitedenttz,Oral Care,East Africa,competitor,2026-03-01,11200,False
Instagram,White Dent,whitedenttz,Oral Care,East Africa,competitor,2026-04-01,11350,False
Instagram,White Dent,whitedenttz,Oral Care,East Africa,competitor,2026-05-01,11500,False
Instagram,White Dent,whitedenttz,Oral Care,East Africa,competitor,2026-06-01,11500,False
Instagram,Hobby Ethiopia,,,Ethiopia,dabur,2026-05-01,498,False
Instagram,Hobby Ethiopia,,,Ethiopia,dabur,2026-06-01,521,False
TikTok,Cerave,ceravearabia,Skin,Arabia,competitor,2024-08-01,118648,False
TikTok,Cerave,ceravearabia,Skin,Arabia,competitor,2024-10-01,118648,False
TikTok,Cerave,ceravearabia,Skin,Arabia,competitor,2025-01-01,130100,False
TikTok,Cerave,ceravearabia,Skin,Arabia,competitor,2025-09-01,157900,False
TikTok,Cerave,ceravearabia,Skin,Arabia,competitor,2025-10-01,160000,False
TikTok,Cerave,ceravearabia,Skin,Arabia,competitor,2025-11-25,160000,False
TikTok,Cerave,ceravearabia,Skin,Arabia,competitor,2025-12-25,163700,False
TikTok,Cerave,ceravearabia,Skin,Arabia,competitor,2026-02-24,172000,False
TikTok,Cerave,ceravearabia,Skin,Arabia,competitor,2026-03-24,176100,False
TikTok,Cerave,ceravearabia,Skin,Arabia,competitor,2026-04-01,179600,False
TikTok,Cerave,ceravearabia,Skin,Arabia,competitor,2026-05-26,184200,False
TikTok,Cerave,ceravearabia,Skin,Arabia,competitor,2026-06-26,187900,False
TikTok,Clear,cleararabia,Hair,Arabia,competitor,2025-09-01,18400,False
TikTok,Clear,cleararabia,Hair,Arabia,competitor,2025-10-01,19100,False
TikTok,Clear,cleararabia,Hair,Arabia,competitor,2025-11-25,19100,False
TikTok,Clear,cleararabia,Hair,Arabia,competitor,2025-12-25,20600,False
TikTok,Clear,cleararabia,Hair,Arabia,competitor,2026-02-24,20300,False
TikTok,Clear,cleararabia,Hair,Arabia,competitor,2026-03-24,20100,False
TikTok,Clear,cleararabia,Hair,Arabia,competitor,2026-04-01,20000,False
TikTok,Clear,cleararabia,Hair,Arabia,competitor,2026-05-26,21000,False
TikTok,Clear,cleararabia,Hair,Arabia,competitor,2026-06-26,31300,False
TikTok,CloseUp,closeup.arabia,Oral,Arabia,competitor,2025-09-01,9217,False
TikTok,CloseUp,closeup.arabia,Oral,Arabia,competitor,2025-10-01,13300,False
TikTok,CloseUp,closeup.arabia,Oral,Arabia,competitor,2025-11-25,13300,False
TikTok,CloseUp,closeup.arabia,Oral,Arabia,competitor,2025-12-25,19600,False
TikTok,CloseUp,closeup.arabia,Oral,Arabia,competitor,2026-02-24,19500,False
TikTok,CloseUp,closeup.arabia,Oral,Arabia,competitor,2026-03-24,19100,False
TikTok,CloseUp,closeup.arabia,Oral,Arabia,competitor,2026-04-01,18800,False
TikTok,CloseUp,closeup.arabia,Oral,Arabia,competitor,2026-05-26,18600,False
TikTok,CloseUp,closeup.arabia,Oral,Arabia,competitor,2026-06-26,21200,False
TikTok,Colgate,colgatearabia,Oral,Arabia,competitor,2024-08-01,5513,False
TikTok,Colgate,colgatearabia,Oral,Arabia,competitor,2024-10-01,5513,False
TikTok,Colgate,colgatearabia,Oral,Arabia,competitor,2025-01-01,5452,False
TikTok,Colgate,colgatearabia,Oral,Arabia,competitor,2025-04-01,5100,False
TikTok,Colgate,colgatearabia,Oral,Arabia,competitor,2025-05-01,5396,False
TikTok,Colgate,colgatearabia,Oral,Arabia,competitor,2025-06-01,5465,False
TikTok,Colgate,colgatearabia,Oral,Arabia,competitor,2025-08-01,5465,False
TikTok,Colgate,colgatearabia,Oral,Arabia,competitor,2025-09-01,5485,False
TikTok,Colgate,colgatearabia,Oral,Arabia,competitor,2025-10-01,5460,False
TikTok,Colgate,colgatearabia,Oral,Arabia,competitor,2025-11-25,5460,False
TikTok,Colgate,colgatearabia,Oral,Arabia,competitor,2025-12-25,5431,False
TikTok,Colgate,colgatearabia,Oral,Arabia,competitor,2026-02-24,5422,False
TikTok,Colgate,colgatearabia,Oral,Arabia,competitor,2026-03-24,6357,False
TikTok,Colgate,colgatearabia,Oral,Arabia,competitor,2026-04-01,9531,False
TikTok,Colgate,colgatearabia,Oral,Arabia,competitor,2026-05-26,11600,False
TikTok,Colgate,colgatearabia,Oral,Arabia,competitor,2026-06-26,13600,False
TikTok,Colgate,colgatesouthafrica,Oral,South Africa,competitor,2025-09-01,105,False
TikTok,Colgate,colgatesouthafrica,Oral,South Africa,competitor,2025-10-01,137,False
TikTok,Colgate,colgatesouthafrica,Oral,South Africa,competitor,2025-11-25,137,False
TikTok,Colgate,colgatesouthafrica,Oral,South Africa,competitor,2025-12-25,1492,True
TikTok,Colgate,colgatesouthafrica,Oral,South Africa,competitor,2026-02-24,1515,False
TikTok,Colgate,colgatesouthafrica,Oral,South Africa,competitor,2026-03-24,2377,False
TikTok,Colgate,colgatesouthafrica,Oral,South Africa,competitor,2026-04-01,2442,False
TikTok,Colgate,colgatesouthafrica,Oral,South Africa,competitor,2026-05-26,3804,False
TikTok,Colgate,colgatesouthafrica,Oral,South Africa,competitor,2026-06-26,10400,True
TikTok,Cosmo Cosmtics UAE,cosmocosmetics_official,,Arabia,competitor,2026-02-24,1226,False
TikTok,Cosmo Cosmtics UAE,cosmocosmetics_official,,Arabia,competitor,2026-03-24,1268,False
TikTok,Cosmo Cosmtics UAE,cosmocosmetics_official,,Arabia,competitor,2026-04-01,1333,False
TikTok,Cosmo Cosmtics UAE,cosmocosmetics_official,,Arabia,competitor,2026-05-26,1383,False
TikTok,Cosmo Cosmtics UAE,cosmocosmetics_official,,Arabia,competitor,2026-06-26,1404,False
TikTok,Crest,crest,Oral,Global,competitor,2025-09-01,83700,False
TikTok,Crest,crest,Oral,Global,competitor,2025-10-01,84000,False
TikTok,Crest,crest,Oral,Global,competitor,2025-11-25,84000,False
TikTok,Crest,crest,Oral,Global,competitor,2025-12-25,84300,False
TikTok,Crest,crest,Oral,Global,competitor,2026-02-24,84800,False
TikTok,Crest,crest,Oral,Global,competitor,2026-03-24,87800,False
TikTok,Crest,crest,Oral,Global,competitor,2026-04-01,88700,False
TikTok,Crest,crest,Oral,Global,competitor,2026-05-26,94000,False
TikTok,Crest,crest,Oral,Global,competitor,2026-06-26,97700,False
TikTok,Dabur Iraq,dabur.iraq,,Iraq,dabur,2026-02-24,5019,False
TikTok,Dabur Iraq,dabur.iraq,,Iraq,dabur,2026-03-24,6054,False
TikTok,Dabur Iraq,dabur.iraq,,Iraq,dabur,2026-04-01,5742,False
TikTok,Dabur Iraq,dabur.iraq,,Iraq,dabur,2026-05-26,5934,False
TikTok,Dabur Iraq,dabur.iraq,,Iraq,dabur,2026-06-26,11100,False
TikTok,Dabur,dabur.kazakh,Hair,Kazak ,dabur,2025-09-01,740,False
TikTok,Dabur,dabur.kazakh,Hair,Kazak ,dabur,2025-10-01,1596,True
TikTok,Dabur,dabur.kazakh,Hair,Kazak ,dabur,2025-11-25,2615,False
TikTok,Dabur,dabur.kazakh,Hair,Kazak ,dabur,2025-12-25,3854,False
TikTok,Dabur,dabur.kazakh,Hair,Kazak ,dabur,2026-02-24,7126,False
TikTok,Dabur,dabur.kazakh,Hair,Kazak ,dabur,2026-03-24,6981,False
TikTok,Dabur,dabur.kazakh,Hair,Kazak ,dabur,2026-04-01,6823,False
TikTok,Dabur,dabur.kazakh,Hair,Kazak ,dabur,2026-05-26,6714,False
TikTok,Dabur,dabur.kazakh,Hair,Kazak ,dabur,2026-06-26,6957,False
TikTok,Dabur,dabur.uzbek,Hair,uzbek ,dabur,2025-09-01,0,False
TikTok,Dabur,dabur.uzbek,Hair,uzbek ,dabur,2025-10-01,0,False
TikTok,Dabur,dabur.uzbek,Hair,uzbek ,dabur,2026-02-24,2,True
TikTok,Dabur,dabur.uzbek,Hair,uzbek ,dabur,2026-03-24,2,False
TikTok,Dabur,dabur.uzbek,Hair,uzbek ,dabur,2026-04-01,2,False
TikTok,Dabur,dabur.uzbek,Hair,uzbek ,dabur,2026-05-26,2,False
TikTok,Dabur,dabur.uzbek,Hair,uzbek ,dabur,2026-06-26,2,False
TikTok,Dabur East Africa,dabur_ea,,East Africa,dabur,2026-03-24,9,False
TikTok,Dabur East Africa,dabur_ea,,East Africa,dabur,2026-04-01,23,True
TikTok,Dabur East Africa,dabur_ea,,East Africa,dabur,2026-05-26,29,False
TikTok,Dabur East Africa,dabur_ea,,East Africa,dabur,2026-06-26,3952,True
TikTok,Dabur,daburamla.arabia,Hair,Arabia,dabur,2024-08-01,585,False
TikTok,Dabur,daburamla.arabia,Hair,Arabia,dabur,2025-04-01,1100,False
TikTok,Dabur,daburamla.arabia,Hair,Arabia,dabur,2025-05-01,1220,False
TikTok,Dabur,daburamla.arabia,Hair,Arabia,dabur,2025-06-01,1329,False
TikTok,Dabur,daburamla.arabia,Hair,Arabia,dabur,2025-08-01,1329,False
TikTok,Dabur,daburamla.arabia,Hair,Arabia,dabur,2025-09-01,3292,True
TikTok,Dabur,daburamla.arabia,Hair,Arabia,dabur,2025-10-01,4789,False
TikTok,Dabur,daburamla.arabia,Hair,Arabia,dabur,2025-11-25,5936,False
TikTok,Dabur,daburamla.arabia,Hair,Arabia,dabur,2025-12-25,6708,False
TikTok,Dabur,daburamla.arabia,Hair,Arabia,dabur,2026-02-24,9095,False
TikTok,Dabur,daburamla.arabia,Hair,Arabia,dabur,2026-03-24,9724,False
TikTok,Dabur,daburamla.arabia,Hair,Arabia,dabur,2026-04-01,9650,False
TikTok,Dabur,daburamla.arabia,Hair,Arabia,dabur,2026-05-26,9609,False
TikTok,Dabur,daburamla.arabia,Hair,Arabia,dabur,2026-06-26,9582,False
TikTok,Dabur,daburamlaeg,Hair,Egypt,dabur,2025-09-01,14400,False
TikTok,Dabur,daburamlaeg,Hair,Egypt,dabur,2025-10-01,14600,False
TikTok,Dabur,daburamlaeg,Hair,Egypt,dabur,2025-11-25,14600,False
TikTok,Dabur,daburamlaeg,Hair,Egypt,dabur,2025-12-25,14800,False
TikTok,Dabur,daburamlaeg,Hair,Egypt,dabur,2026-02-24,15000,False
TikTok,Dabur,daburamlaeg,Hair,Egypt,dabur,2026-03-24,15900,False
TikTok,Dabur,daburamlaeg,Hair,Egypt,dabur,2026-04-01,16500,False
TikTok,Dabur,daburamlaeg,Hair,Egypt,dabur,2026-05-26,16700,False
TikTok,Dabur,daburamlaeg,Hair,Egypt,dabur,2026-06-26,18600,False
TikTok,Dabur,daburhealthcarearabia,Healthcare ,Arabia,dabur,2025-09-01,81,False
TikTok,Dabur,daburhealthcarearabia,Healthcare ,Arabia,dabur,2025-10-01,81,False
TikTok,Dabur,daburhealthcarearabia,Healthcare ,Arabia,dabur,2025-11-25,81,False
TikTok,Dabur,daburhealthcarearabia,Healthcare ,Arabia,dabur,2025-12-25,81,False
TikTok,Dabur,daburhealthcarearabia,Healthcare ,Arabia,dabur,2026-02-24,85,False
TikTok,Dabur,daburhealthcarearabia,Healthcare ,Arabia,dabur,2026-03-24,85,False
TikTok,Dabur,daburhealthcarearabia,Healthcare ,Arabia,dabur,2026-04-01,88,False
TikTok,Dabur,daburhealthcarearabia,Healthcare ,Arabia,dabur,2026-05-26,86,False
TikTok,Dabur,daburhealthcarearabia,Healthcare ,Arabia,dabur,2026-06-26,85,False
TikTok,Dabur Herbal,daburherbal,Oral,Arabia,dabur,2025-04-01,925,False
TikTok,Dabur Herbal,daburherbal,Oral,Arabia,dabur,2025-05-01,980,False
TikTok,Dabur Herbal,daburherbal,Oral,Arabia,dabur,2025-06-01,1056,False
TikTok,Dabur Herbal,daburherbal,Oral,Arabia,dabur,2025-08-01,1056,False
TikTok,Dabur Herbal,daburherbal,Oral,Arabia,dabur,2025-09-01,1086,False
TikTok,Dabur Herbal,daburherbal,Oral,Arabia,dabur,2025-10-01,1098,False
TikTok,Dabur Herbal,daburherbal,Oral,Arabia,dabur,2025-11-25,1098,False
TikTok,Dabur Herbal,daburherbal,Oral,Arabia,dabur,2025-12-25,1106,False
TikTok,Dabur Herbal,daburherbal,Oral,Arabia,dabur,2026-02-24,1108,False
TikTok,Dabur Herbal,daburherbal,Oral,Arabia,dabur,2026-03-24,1114,False
TikTok,Dabur Herbal,daburherbal,Oral,Arabia,dabur,2026-04-01,1098,False
TikTok,Dabur Herbal,daburherbal.arabia3,Oral,Arabia,dabur,2026-03-24,8517,False
TikTok,Dabur Herbal,daburherbal.arabia3,Oral,Arabia,dabur,2026-04-01,8370,False
TikTok,Dabur Herbal,daburherbal.arabia3,Oral,Arabia,dabur,2026-05-26,8448,False
TikTok,Dabur Herbal,daburherbal.arabia3,Oral,Arabia,dabur,2026-06-26,10700,False
TikTok,Dabur Herbal,daburherbal.eg,Oral,Egypt,dabur,2025-09-01,1345,False
TikTok,Dabur Herbal,daburherbal.eg,Oral,Egypt,dabur,2025-10-01,1445,False
TikTok,Dabur Herbal,daburherbal.eg,Oral,Egypt,dabur,2025-11-25,1678,False
TikTok,Dabur Herbal,daburherbal.eg,Oral,Egypt,dabur,2025-12-25,1979,False
TikTok,Dabur Herbal,daburherbal.eg,Oral,Egypt,dabur,2026-02-24,3404,False
TikTok,Dabur Herbal,daburherbal.eg,Oral,Egypt,dabur,2026-03-24,3584,False
TikTok,Dabur Herbal,daburherbal.eg,Oral,Egypt,dabur,2026-04-01,3512,False
TikTok,Dabur Herbal,daburherbal.eg,Oral,Egypt,dabur,2026-05-26,3467,False
TikTok,Dabur Herbal,daburherbal.eg,Oral,Egypt,dabur,2026-06-26,3441,False
TikTok,Dabur,daburherbalng,,West Africa,dabur,2025-09-01,8310,False
TikTok,Dabur,daburherbalng,,West Africa,dabur,2025-10-01,8236,False
TikTok,Dabur,daburherbalng,,West Africa,dabur,2025-11-25,9564,False
TikTok,Dabur,daburherbalng,,West Africa,dabur,2025-12-25,10100,False
TikTok,Dabur,daburherbalng,,West Africa,dabur,2026-02-24,10300,False
TikTok,Dabur,daburherbalng,,West Africa,dabur,2026-03-24,13600,False
TikTok,Dabur,daburherbalng,,West Africa,dabur,2026-04-01,13500,False
TikTok,Dabur,daburherbalng,,West Africa,dabur,2026-05-26,13400,False
TikTok,Dabur,daburherbalng,,West Africa,dabur,2026-06-26,13400,False
TikTok,Herbolene,daburherbolene,Skin,Arabia,dabur,2025-09-01,430,False
TikTok,Herbolene,daburherbolene,Skin,Arabia,dabur,2025-10-01,430,False
TikTok,Herbolene,daburherbolene,Skin,Arabia,dabur,2025-11-25,421,False
TikTok,Herbolene,daburherbolene,Skin,Arabia,dabur,2025-12-25,421,False
TikTok,Herbolene,daburherbolene,Skin,Arabia,dabur,2026-01-26,421,False
TikTok,Herbolene,daburherbolene,Skin,Arabia,dabur,2026-02-24,420,False
TikTok,Herbolene,daburherbolene,Skin,Arabia,dabur,2026-03-24,418,False
TikTok,Dark and Lovely,darkandlovely,,Africa,competitor,2025-09-01,4215,False
TikTok,Dark and Lovely,darkandlovely,,Africa,competitor,2025-10-01,4362,False
TikTok,Dark and Lovely,darkandlovely,,Africa,competitor,2025-11-25,4362,False
TikTok,Dark and Lovely,darkandlovely,,Africa,competitor,2025-12-25,4585,False
TikTok,Dark and Lovely,darkandlovely,,Africa,competitor,2026-02-24,4741,False
TikTok,Dark and Lovely,darkandlovely,,Africa,competitor,2026-03-24,4951,False
TikTok,Dark and Lovely,darkandlovely,,Africa,competitor,2026-04-01,5068,False
TikTok,Dark and Lovely,darkandlovely,,Africa,competitor,2026-05-26,5159,False
TikTok,Dark and Lovely,darkandlovely,,Africa,competitor,2026-06-26,5276,False
TikTok,Dark and Lovely,darkandlovelyafrica,,Africa,competitor,2025-09-01,8314,False
TikTok,Dark and Lovely,darkandlovelyafrica,,Africa,competitor,2025-10-01,8896,False
TikTok,Dark and Lovely,darkandlovelyafrica,,Africa,competitor,2025-11-25,8896,False
TikTok,Dark and Lovely,darkandlovelyafrica,,Africa,competitor,2025-12-25,9320,False
TikTok,Dark and Lovely,darkandlovelyafrica,,Africa,competitor,2026-02-24,11200,False
TikTok,Dark and Lovely,darkandlovelyafrica,,Africa,competitor,2026-03-24,12000,False
TikTok,Dark and Lovely,darkandlovelyafrica,,Africa,competitor,2026-04-01,13300,False
TikTok,Dark and Lovely,darkandlovelyafrica,,Africa,competitor,2026-05-26,13500,False
TikTok,Dark and Lovely,darkandlovelyafrica,,Africa,competitor,2026-06-26,14100,False
TikTok,Dermoviva,dermovivaarabia,Skin,Arabia,dabur,2025-09-01,154,False
TikTok,Dermoviva,dermovivaarabia,Skin,Arabia,dabur,2025-10-01,153,False
TikTok,Dermoviva,dermovivaarabia,Skin,Arabia,dabur,2025-11-25,153,False
TikTok,Dermoviva,dermovivaarabia,Skin,Arabia,dabur,2025-12-25,153,False
TikTok,Dermoviva,dermovivaarabia,Skin,Arabia,dabur,2026-01-26,153,False
TikTok,Dermoviva,dermovivaarabia,Skin,Arabia,dabur,2026-02-24,152,False
TikTok,Dermoviva,dermovivaarabia,Skin,Arabia,dabur,2026-03-24,154,False
TikTok,Dermoviva,dermovivaarabia,Skin,Arabia,dabur,2026-04-01,154,False
TikTok,Dermoviva,dermovivaarabia,Skin,Arabia,dabur,2026-05-26,158,False
TikTok,Dermoviva,dermovivaarabia,Skin,Arabia,dabur,2026-06-26,158,False
TikTok,Dettol,dettol.nigeria,Skin,West Africa,competitor,2025-09-01,7888,False
TikTok,Dettol,dettol.nigeria,Skin,West Africa,competitor,2025-10-01,7840,False
TikTok,Dettol,dettol.nigeria,Skin,West Africa,competitor,2025-11-25,7840,False
TikTok,Dettol,dettol.nigeria,Skin,West Africa,competitor,2025-12-25,7702,False
TikTok,Dettol,dettol.nigeria,Skin,West Africa,competitor,2026-02-24,10900,False
TikTok,Dettol,dettol.nigeria,Skin,West Africa,competitor,2026-03-24,24200,True
TikTok,Dettol,dettol.nigeria,Skin,West Africa,competitor,2026-04-01,30700,False
TikTok,Dettol,dettol.nigeria,Skin,West Africa,competitor,2026-05-26,30200,False
TikTok,Dettol,dettol.nigeria,Skin,West Africa,competitor,2026-06-26,30300,False
TikTok,Dettol Arabia,dettolarabia,Skin,Arabia,competitor,2025-09-01,52100,False
TikTok,Dettol Arabia,dettolarabia,Skin,Arabia,competitor,2025-10-01,55400,False
TikTok,Dettol Arabia,dettolarabia,Skin,Arabia,competitor,2025-11-25,55400,False
TikTok,Dettol Arabia,dettolarabia,Skin,Arabia,competitor,2025-12-25,69700,False
TikTok,Dettol Arabia,dettolarabia,Skin,Arabia,competitor,2026-02-24,81500,False
TikTok,Dettol Arabia,dettolarabia,Skin,Arabia,competitor,2026-03-24,90300,False
TikTok,Dettol Arabia,dettolarabia,Skin,Arabia,competitor,2026-04-01,90800,False
TikTok,Dettol Arabia,dettolarabia,Skin,Arabia,competitor,2026-05-26,90100,False
TikTok,Dettol Arabia,dettolarabia,Skin,Arabia,competitor,2026-06-26,89600,False
TikTok,Dettol,dettolsa,Skin,South Africa,competitor,2025-09-01,681,False
TikTok,Dettol,dettolsa,Skin,South Africa,competitor,2025-10-01,1453,True
TikTok,Dettol,dettolsa,Skin,South Africa,competitor,2025-11-25,1453,False
TikTok,Dettol,dettolsa,Skin,South Africa,competitor,2025-12-25,3381,True
TikTok,Dettol,dettolsa,Skin,South Africa,competitor,2026-02-24,3347,False
TikTok,Dettol,dettolsa,Skin,South Africa,competitor,2026-03-24,3334,False
TikTok,Dettol,dettolsa,Skin,South Africa,competitor,2026-04-01,5338,False
TikTok,Dettol,dettolsa,Skin,South Africa,competitor,2026-05-26,7123,False
TikTok,Dettol,dettolsa,Skin,South Africa,competitor,2026-06-26,9975,False
TikTok,Dove Men Arabia,dovemenarabia,skin,Arabia,competitor,2025-09-01,14600,False
TikTok,Dove Men Arabia,dovemenarabia,skin,Arabia,competitor,2025-10-01,18100,False
TikTok,Dove Men Arabia,dovemenarabia,skin,Arabia,competitor,2025-11-25,18100,False
TikTok,Dove Men Arabia,dovemenarabia,skin,Arabia,competitor,2025-12-25,20200,False
TikTok,Dove Men Arabia,dovemenarabia,skin,Arabia,competitor,2026-02-24,20000,False
TikTok,Dove Men Arabia,dovemenarabia,skin,Arabia,competitor,2026-03-24,24900,False
TikTok,Dove Men Arabia,dovemenarabia,skin,Arabia,competitor,2026-04-01,24600,False
TikTok,Dove Men Arabia,dovemenarabia,skin,Arabia,competitor,2026-05-26,24400,False
TikTok,Dove Men Arabia,dovemenarabia,skin,Arabia,competitor,2026-06-26,27600,False
TikTok,Dove,dovemencare_za,Skin,South Africa,competitor,2025-09-01,22500,False
TikTok,Dove,dovemencare_za,Skin,South Africa,competitor,2025-10-01,23100,False
TikTok,Dove,dovemencare_za,Skin,South Africa,competitor,2025-11-25,23100,False
TikTok,Dove,dovemencare_za,Skin,South Africa,competitor,2025-12-25,23600,False
TikTok,Dove,dovemencare_za,Skin,South Africa,competitor,2026-02-24,23800,False
TikTok,Dove,dovemencare_za,Skin,South Africa,competitor,2026-03-24,24700,False
TikTok,Dove,dovemencare_za,Skin,South Africa,competitor,2026-04-01,25400,False
TikTok,Dove,dovemencare_za,Skin,South Africa,competitor,2026-05-26,25900,False
TikTok,Dove,dovemencare_za,Skin,South Africa,competitor,2026-06-26,27100,False
TikTok,Dove,dovesouthafrica,skin,South Africa,competitor,2025-09-01,54700,False
TikTok,Dove,dovesouthafrica,skin,South Africa,competitor,2025-10-01,55100,False
TikTok,Dove,dovesouthafrica,skin,South Africa,competitor,2025-11-25,55100,False
TikTok,Dove,dovesouthafrica,skin,South Africa,competitor,2025-12-25,56100,False
TikTok,Dove,dovesouthafrica,skin,South Africa,competitor,2026-02-24,63600,False
TikTok,Dove,dovesouthafrica,skin,South Africa,competitor,2026-03-24,71000,False
TikTok,Dove,dovesouthafrica,skin,South Africa,competitor,2026-04-01,75200,False
TikTok,Dove,dovesouthafrica,skin,South Africa,competitor,2026-05-26,78500,False
TikTok,Dove,dovesouthafrica,skin,South Africa,competitor,2026-06-26,81100,False
TikTok,Fem,fem.arabia,Skin,Arabia,competitor,2024-08-01,3733,False
TikTok,Fem,fem.arabia,Skin,Arabia,competitor,2024-10-01,3733,False
TikTok,Fem,fem.arabia,Skin,Arabia,competitor,2025-01-01,50,True
TikTok,Fem,fem.arabia,Skin,Arabia,competitor,2025-04-01,3200,True
TikTok,Fem,fem.arabia,Skin,Arabia,competitor,2025-05-01,3323,False
TikTok,Fem,fem.arabia,Skin,Arabia,competitor,2025-06-01,3371,False
TikTok,Fem,fem.arabia,Skin,Arabia,competitor,2025-09-01,3371,False
TikTok,Fem,fem.arabia,Skin,Arabia,competitor,2025-10-01,3271,False
TikTok,Fem,fem.arabia,Skin,Arabia,competitor,2025-11-25,3271,False
TikTok,Fem,fem.arabia,Skin,Arabia,competitor,2025-12-25,3233,False
TikTok,Fem,fem.arabia,Skin,Arabia,competitor,2026-02-24,3588,False
TikTok,Fem,fem.arabia,Skin,Arabia,competitor,2026-03-24,4088,False
TikTok,Fem,fem.arabia,Skin,Arabia,competitor,2026-04-01,3990,False
TikTok,Fem,fem.arabia,Skin,Arabia,competitor,2026-05-26,3926,False
TikTok,Fem,fem.arabia,Skin,Arabia,competitor,2026-06-26,3880,False
TikTok,Fem,fem_africa,,East Africa,competitor,2026-03-24,9393,False
TikTok,Fem,fem_africa,,East Africa,competitor,2026-04-01,9283,False
TikTok,Fem,fem_africa,,East Africa,competitor,2026-05-26,9223,False
TikTok,Fem,fem_africa,,East Africa,competitor,2026-06-26,9179,False
TikTok,Garnier,garnier_south_africa,Oral,South Africa,competitor,2025-09-01,13400,False
TikTok,Garnier,garnier_south_africa,Oral,South Africa,competitor,2025-10-01,15000,False
TikTok,Garnier,garnier_south_africa,Oral,South Africa,competitor,2025-11-25,15000,False
TikTok,Garnier,garnier_south_africa,Oral,South Africa,competitor,2025-12-25,23100,False
TikTok,Garnier,garnier_south_africa,Oral,South Africa,competitor,2026-02-24,28800,False
TikTok,Garnier,garnier_south_africa,Oral,South Africa,competitor,2026-03-24,33800,False
TikTok,Garnier,garnier_south_africa,Oral,South Africa,competitor,2026-04-01,36900,False
TikTok,Garnier,garnier_south_africa,Oral,South Africa,competitor,2026-05-26,40000,False
TikTok,Garnier,garnier_south_africa,Oral,South Africa,competitor,2026-06-26,41900,False
TikTok,Garnier,garnierarabia,Hair/Skin,Arabia,competitor,2024-10-01,602,False
TikTok,Garnier,garnierarabia,Hair/Skin,Arabia,competitor,2025-01-01,650,False
TikTok,Garnier,garnierarabia,Hair/Skin,Arabia,competitor,2025-09-01,42700,True
TikTok,Garnier,garnierarabia,Hair/Skin,Arabia,competitor,2025-10-01,48100,False
TikTok,Garnier,garnierarabia,Hair/Skin,Arabia,competitor,2025-11-25,51000,False
TikTok,Garnier,garnierarabia,Hair/Skin,Arabia,competitor,2025-12-25,53700,False
TikTok,Garnier,garnierarabia,Hair/Skin,Arabia,competitor,2026-02-24,61300,False
TikTok,Garnier,garnierarabia,Hair/Skin,Arabia,competitor,2026-03-24,71400,False
TikTok,Garnier,garnierarabia,Hair/Skin,Arabia,competitor,2026-04-01,74600,False
TikTok,Garnier,garnierarabia,Hair/Skin,Arabia,competitor,2026-05-26,81800,False
TikTok,Garnier,garnierarabia,Hair/Skin,Arabia,competitor,2026-06-26,85800,False
TikTok,Garnier,garnierksa,Hair,KSA,competitor,2024-08-01,5609,False
TikTok,Garnier,garnierksa,Hair,KSA,competitor,2024-10-01,9100,False
TikTok,Garnier,garnierksa,Hair,KSA,competitor,2025-01-01,14000,False
TikTok,Garnier,garnierksa,Hair,KSA,competitor,2025-06-01,33722,True
TikTok,Garnier,garnierksa,Hair,KSA,competitor,2025-09-01,33722,False
TikTok,Garnier,garnierksa,Hair,KSA,competitor,2025-10-01,33722,False
TikTok,Garnier,garnierksa,Hair,KSA,competitor,2025-11-25,33722,False
TikTok,Gillette Venus,gillettevenusarabia,Depilatory,Arabia,competitor,2026-03-24,4289,False
TikTok,Gillette Venus,gillettevenusarabia,Depilatory,Arabia,competitor,2026-04-01,5046,False
TikTok,Gillette Venus,gillettevenusarabia,Depilatory,Arabia,competitor,2026-05-26,7389,False
TikTok,Gillette Venus,gillettevenusarabia,Depilatory,Arabia,competitor,2026-06-26,12800,False
TikTok,Hask UAE,haskuae,Hair ,Arabia,competitor,2026-02-24,2911,False
TikTok,Hask UAE,haskuae,Hair ,Arabia,competitor,2026-03-24,2908,False
TikTok,Hask UAE,haskuae,Hair ,Arabia,competitor,2026-04-01,2909,False
TikTok,Hask UAE,haskuae,Hair ,Arabia,competitor,2026-05-26,2908,False
TikTok,Hask UAE,haskuae,Hair ,Arabia,competitor,2026-06-26,2907,False
TikTok,Head & Shoulders,headandshoulders.ar,Hair,Arabia,competitor,2024-08-01,47500,False
TikTok,Head & Shoulders,headandshoulders.ar,Hair,Arabia,competitor,2024-10-01,47800,False
TikTok,Head & Shoulders,headandshoulders.ar,Hair,Arabia,competitor,2025-01-01,48400,False
TikTok,Head & Shoulders,headandshoulders.ar,Hair,Arabia,competitor,2025-04-01,57420,False
TikTok,Head & Shoulders,headandshoulders.ar,Hair,Arabia,competitor,2025-05-01,62466,False
TikTok,Head & Shoulders,headandshoulders.ar,Hair,Arabia,competitor,2025-06-01,66647,False
TikTok,Head & Shoulders,headandshoulders.ar,Hair,Arabia,competitor,2025-08-01,66647,False
TikTok,Head & Shoulders,headandshoulders.ar,Hair,Arabia,competitor,2025-09-01,84800,False
TikTok,Head & Shoulders,headandshoulders.ar,Hair,Arabia,competitor,2025-10-01,89100,False
TikTok,Head & Shoulders,headandshoulders.ar,Hair,Arabia,competitor,2025-11-25,89100,False
TikTok,Head & Shoulders,headandshoulders.ar,Hair,Arabia,competitor,2025-12-25,98200,False
TikTok,Head & Shoulders,headandshoulders.ar,Hair,Arabia,competitor,2026-02-24,103300,False
TikTok,Head & Shoulders,headandshoulders.ar,Hair,Arabia,competitor,2026-03-24,133000,False
TikTok,Head & Shoulders,headandshoulders.ar,Hair,Arabia,competitor,2026-04-01,143600,False
TikTok,Head & Shoulders,headandshoulders.ar,Hair,Arabia,competitor,2026-05-26,149800,False
TikTok,Head & Shoulders,headandshoulders.ar,Hair,Arabia,competitor,2026-06-26,157700,False
TikTok,Herbal Essences,herbalessences.arabia,Hair,Arabia,competitor,2024-08-01,57102,False
TikTok,Herbal Essences,herbalessences.arabia,Hair,Arabia,competitor,2024-10-01,59200,False
TikTok,Herbal Essences,herbalessences.arabia,Hair,Arabia,competitor,2025-01-01,61500,False
TikTok,Herbal Essences,herbalessences.arabia,Hair,Arabia,competitor,2025-04-01,59400,False
TikTok,Herbal Essences,herbalessences.arabia,Hair,Arabia,competitor,2025-05-01,64250,False
TikTok,Herbal Essences,herbalessences.arabia,Hair,Arabia,competitor,2025-06-01,67627,False
TikTok,Herbal Essences,herbalessences.arabia,Hair,Arabia,competitor,2025-08-01,67627,False
TikTok,Herbal Essences,herbalessences.arabia,Hair,Arabia,competitor,2025-09-01,74000,False
TikTok,Herbal Essences,herbalessences.arabia,Hair,Arabia,competitor,2025-10-01,78000,False
TikTok,Herbal Essences,herbalessences.arabia,Hair,Arabia,competitor,2025-11-25,78000,False
TikTok,Herbal Essences,herbalessences.arabia,Hair,Arabia,competitor,2025-12-25,78700,False
TikTok,Herbal Essences,herbalessences.arabia,Hair,Arabia,competitor,2026-02-24,80500,False
TikTok,Herbal Essences,herbalessences.arabia,Hair,Arabia,competitor,2026-03-24,86500,False
TikTok,Herbal Essences,herbalessences.arabia,Hair,Arabia,competitor,2026-04-01,94200,False
TikTok,Herbal Essences,herbalessences.arabia,Hair,Arabia,competitor,2026-05-26,97300,False
TikTok,Herbal Essences,herbalessences.arabia,Hair,Arabia,competitor,2026-06-26,99900,False
TikTok,Herbolene,herbolenearabia,,Arabia,dabur,2026-05-26,181,False
TikTok,Herbolene,herbolenearabia,,Arabia,dabur,2026-06-26,613,True
TikTok,Himalaya,himalaya_sa,Hair/Skin,South Africa,competitor,2025-09-01,33300,False
TikTok,Himalaya,himalaya_sa,Hair/Skin,South Africa,competitor,2025-10-01,36900,False
TikTok,Himalaya,himalaya_sa,Hair/Skin,South Africa,competitor,2025-11-25,36900,False
TikTok,Himalaya,himalaya_sa,Hair/Skin,South Africa,competitor,2025-12-25,52700,False
TikTok,Himalaya,himalaya_sa,Hair/Skin,South Africa,competitor,2026-02-24,59900,False
TikTok,Himalaya,himalaya_sa,Hair/Skin,South Africa,competitor,2026-03-24,67300,False
TikTok,Himalaya,himalaya_sa,Hair/Skin,South Africa,competitor,2026-04-01,75400,False
TikTok,Himalaya,himalaya_sa,Hair/Skin,South Africa,competitor,2026-05-26,79800,False
TikTok,Himalaya,himalaya_sa,Hair/Skin,South Africa,competitor,2026-06-26,87400,False
TikTok,Himalaya,himalayaarabia,Hair/Skin,Arabia,competitor,2024-08-01,903,False
TikTok,Himalaya,himalayaarabia,Hair/Skin,Arabia,competitor,2024-10-01,903,False
TikTok,Himalaya,himalayaarabia,Hair/Skin,Arabia,competitor,2025-01-01,910,False
TikTok,Himalaya,himalayaarabia,Hair/Skin,Arabia,competitor,2025-04-01,876,False
TikTok,Himalaya,himalayaarabia,Hair/Skin,Arabia,competitor,2025-05-01,903,False
TikTok,Himalaya,himalayaarabia,Hair/Skin,Arabia,competitor,2025-06-01,928,False
TikTok,Himalaya,himalayaarabia,Hair/Skin,Arabia,competitor,2025-08-01,928,False
TikTok,Himalaya,himalayaarabia,Hair/Skin,Arabia,competitor,2025-09-01,1524,False
TikTok,Himalaya,himalayaarabia,Hair/Skin,Arabia,competitor,2025-10-01,1489,False
TikTok,Himalaya,himalayaarabia,Hair/Skin,Arabia,competitor,2025-11-25,1489,False
TikTok,Himalaya,himalayaarabia,Hair/Skin,Arabia,competitor,2025-12-25,1475,False
TikTok,Himalaya,himalayaarabia,Hair/Skin,Arabia,competitor,2026-02-24,1657,False
TikTok,Himalaya,himalayaarabia,Hair/Skin,Arabia,competitor,2026-03-24,1638,False
TikTok,Himalaya,himalayaarabia,Hair/Skin,Arabia,competitor,2026-04-01,1617,False
TikTok,Himalaya,himalayaarabia,Hair/Skin,Arabia,competitor,2026-05-26,2318,False
TikTok,Himalaya,himalayaarabia,Hair/Skin,Arabia,competitor,2026-06-26,2796,False
TikTok,Himalaya,himalayamen,Hair/Skin,South Africa,competitor,2025-09-01,3181,False
TikTok,Himalaya,himalayamen,Hair/Skin,South Africa,competitor,2025-10-01,3186,False
TikTok,Himalaya,himalayamen,Hair/Skin,South Africa,competitor,2025-11-25,3186,False
TikTok,Himalaya,himalayamen,Hair/Skin,South Africa,competitor,2025-12-25,3186,False
TikTok,Himalaya,himalayamen,Hair/Skin,South Africa,competitor,2026-01-26,3186,False
TikTok,Himalaya,himalayamen,Hair/Skin,South Africa,competitor,2026-02-24,3186,False
TikTok,Himalaya,himalayamen,Hair/Skin,South Africa,competitor,2026-03-24,3187,False
TikTok,Himalaya,himalayamen,Hair/Skin,South Africa,competitor,2026-04-01,3187,False
TikTok,Himalaya,himalayamen,Hair/Skin,South Africa,competitor,2026-05-26,3183,False
TikTok,Himalaya,himalayamen,Hair/Skin,South Africa,competitor,2026-06-26,3181,False
TikTok,Hobby Ethiopia,hobby.ethiopia,Hair ,Ethiopia,dabur,2026-05-26,26,False
TikTok,Hobby Ethiopia,hobby.ethiopia,Hair ,Ethiopia,dabur,2026-06-26,27,False
TikTok,Hobby East Africa,hobby_ea,,East Africa,dabur,2025-09-01,9071,False
TikTok,Hobby East Africa,hobby_ea,,East Africa,dabur,2025-10-01,10700,False
TikTok,Hobby East Africa,hobby_ea,,East Africa,dabur,2025-11-25,10700,False
TikTok,Hobby East Africa,hobby_ea,,East Africa,dabur,2025-12-25,20900,False
TikTok,Hobby East Africa,hobby_ea,,East Africa,dabur,2026-01-26,28700,False
TikTok,Hobby East Africa,hobby_ea,,East Africa,dabur,2026-02-24,28700,False
TikTok,Hobby East Africa,hobby_ea,,East Africa,dabur,2026-03-24,31300,False
TikTok,Hobby East Africa,hobby_ea,,East Africa,dabur,2026-04-01,30600,False
TikTok,Hobby East Africa,hobby_ea,,East Africa,dabur,2026-05-26,30400,False
TikTok,Hobby East Africa,hobby_ea,,East Africa,dabur,2026-06-26,31900,False
TikTok,Imperial Leather,imperialleatherarabia,imperialleatherarabia,Arabia,competitor,2025-11-25,29200,False
TikTok,Imperial Leather,imperialleatherarabia,imperialleatherarabia,Arabia,competitor,2025-12-25,28900,False
TikTok,Imperial Leather,imperialleatherarabia,imperialleatherarabia,Arabia,competitor,2026-02-24,28700,False
TikTok,Imperial Leather,imperialleatherarabia,imperialleatherarabia,Arabia,competitor,2026-03-24,28600,False
TikTok,Imperial Leather,imperialleatherarabia,imperialleatherarabia,Arabia,competitor,2026-04-01,28500,False
TikTok,Imperial Leather,imperialleatherarabia,imperialleatherarabia,Arabia,competitor,2026-05-26,28400,False
TikTok,Imperial Leather,imperialleatherarabia,imperialleatherarabia,Arabia,competitor,2026-06-26,28300,False
TikTok,Imperial Leather,imperialleatherke,,East Africa,competitor,2025-09-01,12000,False
TikTok,Imperial Leather,imperialleatherke,,East Africa,competitor,2025-10-01,13500,False
TikTok,Imperial Leather,imperialleatherke,,East Africa,competitor,2025-12-25,29,True
TikTok,Imperial Leather,imperialleatherke,,East Africa,competitor,2026-02-24,33,False
TikTok,Imperial Leather,imperialleatherke,,East Africa,competitor,2026-03-24,32,False
TikTok,Imperial Leather,imperialleatherke,,East Africa,competitor,2026-04-01,35,False
TikTok,Imperial Leather,imperialleatherke,,East Africa,competitor,2026-05-26,35,False
TikTok,Imperial Leather,imperialleatherke,,East Africa,competitor,2026-06-26,35,False
TikTok,Lifebuoy Arabia,lifebuoy.arabia,Skin,Arabia,competitor,2025-09-01,5397,False
TikTok,Lifebuoy Arabia,lifebuoy.arabia,Skin,Arabia,competitor,2025-10-01,5345,False
TikTok,Lifebuoy Arabia,lifebuoy.arabia,Skin,Arabia,competitor,2025-11-25,5345,False
TikTok,Lifebuoy Arabia,lifebuoy.arabia,Skin,Arabia,competitor,2025-12-25,5245,False
TikTok,Lifebuoy Arabia,lifebuoy.arabia,Skin,Arabia,competitor,2026-02-24,5189,False
TikTok,Lifebuoy Arabia,lifebuoy.arabia,Skin,Arabia,competitor,2026-04-01,5106,False
TikTok,Lifebuoy Arabia,lifebuoy.arabia,Skin,Arabia,competitor,2026-05-26,5070,False
TikTok,L'Oreal,lorealparisarabia,Hair/Skin,Arabia,competitor,2025-04-01,6421,False
TikTok,L'Oreal,lorealparisarabia,Hair/Skin,Arabia,competitor,2025-05-01,6524,False
TikTok,L'Oreal,lorealparisarabia,Hair/Skin,Arabia,competitor,2025-06-01,6757,False
TikTok,L'Oreal,lorealparisarabia,Hair/Skin,Arabia,competitor,2025-08-01,6763,False
TikTok,L'Oreal,lorealparisarabia,Hair/Skin,Arabia,competitor,2025-09-01,11000,False
TikTok,L'Oreal,lorealparisarabia,Hair/Skin,Arabia,competitor,2025-10-01,14200,False
TikTok,L'Oreal,lorealparisarabia,Hair/Skin,Arabia,competitor,2025-11-25,14200,False
TikTok,L'Oreal,lorealparisarabia,Hair/Skin,Arabia,competitor,2025-12-25,19600,False
TikTok,L'Oreal,lorealparisarabia,Hair/Skin,Arabia,competitor,2026-02-24,21600,False
TikTok,L'Oreal,lorealparisarabia,Hair/Skin,Arabia,competitor,2026-03-24,30400,False
TikTok,L'Oreal,lorealparisarabia,Hair/Skin,Arabia,competitor,2026-04-01,31200,False
TikTok,L'Oreal,lorealparisarabia,Hair/Skin,Arabia,competitor,2026-05-26,47200,False
TikTok,L'Oreal,lorealparisarabia,Hair/Skin,Arabia,competitor,2026-06-26,49400,False
TikTok,Lush Hair,lush_hair_kenya,Hair ,East Africa,competitor,2025-09-01,13100,False
TikTok,Lush Hair,lush_hair_kenya,Hair ,East Africa,competitor,2025-10-01,13500,False
TikTok,Lush Hair,lush_hair_kenya,Hair ,East Africa,competitor,2025-11-25,13500,False
TikTok,Lush Hair,lush_hair_kenya,Hair ,East Africa,competitor,2025-12-25,14200,False
TikTok,Lush Hair,lush_hair_kenya,Hair ,East Africa,competitor,2026-02-24,14500,False
TikTok,Lush Hair,lush_hair_kenya,Hair ,East Africa,competitor,2026-03-24,18300,False
TikTok,Lush Hair,lush_hair_kenya,Hair ,East Africa,competitor,2026-04-01,19300,False
TikTok,Lush Hair,lush_hair_kenya,Hair ,East Africa,competitor,2026-05-26,21400,False
TikTok,Lush Hair,lush_hair_kenya,Hair ,East Africa,competitor,2026-06-26,22600,False
TikTok,Lush Hair,lushhairghana,,West Africa,competitor,2025-09-01,4598,False
TikTok,Lush Hair,lushhairghana,,West Africa,competitor,2025-10-01,1311,True
TikTok,Lush Hair,lushhairghana,,West Africa,competitor,2025-11-25,1311,False
TikTok,Lush Hair,lushhairghana,,West Africa,competitor,2025-12-25,1760,False
TikTok,Lush Hair,lushhairghana,,West Africa,competitor,2026-02-24,1931,False
TikTok,Lush Hair,lushhairghana,,West Africa,competitor,2026-03-24,2388,False
TikTok,Lush Hair,lushhairghana,,West Africa,competitor,2026-04-01,2453,False
TikTok,Lush Hair,lushhairghana,,West Africa,competitor,2026-05-26,2683,False
TikTok,Lush Hair,lushhairghana,,West Africa,competitor,2026-06-26,2848,False
TikTok,Lush Hair,lushhairnigeria,,West Africa,competitor,2025-09-01,48320,False
TikTok,Lush Hair,lushhairnigeria,,West Africa,competitor,2025-10-01,54000,False
TikTok,Lush Hair,lushhairnigeria,,West Africa,competitor,2025-11-25,53300,False
TikTok,Lush Hair,lushhairnigeria,,West Africa,competitor,2025-12-25,56500,False
TikTok,Lush Hair,lushhairnigeria,,West Africa,competitor,2026-02-24,57700,False
TikTok,Lush Hair,lushhairnigeria,,West Africa,competitor,2026-03-24,58200,False
TikTok,Lush Hair,lushhairnigeria,,West Africa,competitor,2026-04-01,58500,False
TikTok,Lush Hair,lushhairnigeria,,West Africa,competitor,2026-05-26,58800,False
TikTok,Lush Hair,lushhairnigeria,,West Africa,competitor,2026-06-26,60100,False
TikTok,Lux Arabia,lux.arabia,Skin,Arabia,competitor,2025-09-01,19800,False
TikTok,Lux Arabia,lux.arabia,Skin,Arabia,competitor,2025-10-01,23200,False
TikTok,Lux Arabia,lux.arabia,Skin,Arabia,competitor,2025-11-25,24563,False
TikTok,Lux Arabia,lux.arabia,Skin,Arabia,competitor,2025-12-25,25900,False
TikTok,Lux Arabia,lux.arabia,Skin,Arabia,competitor,2026-02-24,27800,False
TikTok,Lux Arabia,lux.arabia,Skin,Arabia,competitor,2026-03-24,29300,False
TikTok,Lux Arabia,lux.arabia,Skin,Arabia,competitor,2026-04-01,30700,False
TikTok,Lux Arabia,lux.arabia,Skin,Arabia,competitor,2026-05-26,31100,False
TikTok,Lux Arabia,lux.arabia,Skin,Arabia,competitor,2026-06-26,31900,False
TikTok,MamaEarth Arabia,mamaearth.arabia,Hair/Skin,Arabia,competitor,2025-09-01,28,False
TikTok,MamaEarth Arabia,mamaearth.arabia,Hair/Skin,Arabia,competitor,2025-10-01,29,False
TikTok,MamaEarth Arabia,mamaearth.arabia,Hair/Skin,Arabia,competitor,2025-11-25,29,False
TikTok,MamaEarth Arabia,mamaearth.arabia,Hair/Skin,Arabia,competitor,2025-12-25,32,False
TikTok,MamaEarth Arabia,mamaearth.arabia,Hair/Skin,Arabia,competitor,2026-02-24,33,False
TikTok,MamaEarth Arabia,mamaearth.arabia,Hair/Skin,Arabia,competitor,2026-03-24,35,False
TikTok,MamaEarth Arabia,mamaearth.arabia,Hair/Skin,Arabia,competitor,2026-04-01,41,False
TikTok,MamaEarth Arabia,mamaearth.arabia,Hair/Skin,Arabia,competitor,2026-05-26,43,False
TikTok,MamaEarth Arabia,mamaearth.arabia,Hair/Skin,Arabia,competitor,2026-06-26,44,False
TikTok,MegaGrowth,megagrowthnigeria,Hair ,West Africa,competitor,2025-09-01,18600,False
TikTok,MegaGrowth,megagrowthnigeria,Hair ,West Africa,competitor,2025-10-01,18600,False
TikTok,MegaGrowth,megagrowthnigeria,Hair ,West Africa,competitor,2025-11-25,18600,False
TikTok,MegaGrowth,megagrowthnigeria,Hair ,West Africa,competitor,2025-12-25,22800,False
TikTok,MegaGrowth,megagrowthnigeria,Hair ,West Africa,competitor,2026-02-24,24100,False
TikTok,MegaGrowth,megagrowthnigeria,Hair ,West Africa,competitor,2026-03-24,24200,False
TikTok,MegaGrowth,megagrowthnigeria,Hair ,West Africa,competitor,2026-04-01,24200,False
TikTok,MegaGrowth,megagrowthnigeria,Hair ,West Africa,competitor,2026-05-26,24300,False
TikTok,MegaGrowth,megagrowthnigeria,Hair ,West Africa,competitor,2026-06-26,24300,False
TikTok,Mikalla,mikallaessentials,Hair,Africa,competitor,2025-09-01,7054,False
TikTok,Mikalla,mikallaessentials,Hair,Africa,competitor,2025-10-01,7021,False
TikTok,Mikalla,mikallaessentials,Hair,Africa,competitor,2025-11-25,7021,False
TikTok,Mikalla,mikallaessentials,Hair,Africa,competitor,2025-12-25,8282,False
TikTok,Mikalla,mikallaessentials,Hair,Africa,competitor,2026-02-24,8302,False
TikTok,Mikalla,mikallaessentials,Hair,Africa,competitor,2026-03-24,8307,False
TikTok,Mikalla,mikallaessentials,Hair,Africa,competitor,2026-04-01,8394,False
TikTok,Mikalla,mikallaessentials,Hair,Africa,competitor,2026-05-26,8388,False
TikTok,Mikalla,mikallaessentials,Hair,Africa,competitor,2026-06-26,8394,False
TikTok,Dabur,miswakeg,Oral,Egypt,dabur,2025-09-01,2992,False
TikTok,Dabur,miswakeg,Oral,Egypt,dabur,2025-10-01,3552,False
TikTok,Dabur,miswakeg,Oral,Egypt,dabur,2025-11-25,1445,True
TikTok,Dabur,miswakeg,Oral,Egypt,dabur,2025-12-25,4693,True
TikTok,Dabur,miswakeg,Oral,Egypt,dabur,2026-02-24,6483,False
TikTok,Dabur,miswakeg,Oral,Egypt,dabur,2026-03-24,7005,False
TikTok,Dabur,miswakeg,Oral,Egypt,dabur,2026-04-01,7806,False
TikTok,Dabur,miswakeg,Oral,Egypt,dabur,2026-05-26,7945,False
TikTok,Dabur,miswakeg,Oral,Egypt,dabur,2026-06-26,8003,False
TikTok,Nair,nair.arabiaofficial,,Arabia,competitor,2025-12-25,62,False
TikTok,Nair,nair.arabiaofficial,,Arabia,competitor,2026-02-24,65,False
TikTok,Nair,nair.arabiaofficial,,Arabia,competitor,2026-03-24,68,False
TikTok,Nair,nair.arabiaofficial,,Arabia,competitor,2026-04-01,70,False
TikTok,Nair,nair.arabiaofficial,,Arabia,competitor,2026-05-26,70,False
TikTok,Nair,nair.arabiaofficial,,Arabia,competitor,2026-06-26,72,False
TikTok,Neutrogena,neutrogenasa,Skin,South Africa,competitor,2025-09-01,20600,False
TikTok,Neutrogena,neutrogenasa,Skin,South Africa,competitor,2025-10-01,21700,False
TikTok,Neutrogena,neutrogenasa,Skin,South Africa,competitor,2025-11-25,21700,False
TikTok,Neutrogena,neutrogenasa,Skin,South Africa,competitor,2025-12-25,22300,False
TikTok,Neutrogena,neutrogenasa,Skin,South Africa,competitor,2026-02-24,22300,False
TikTok,Neutrogena,neutrogenasa,Skin,South Africa,competitor,2026-03-24,22300,False
TikTok,Neutrogena,neutrogenasa,Skin,South Africa,competitor,2026-04-01,22300,False
TikTok,Neutrogena,neutrogenasa,Skin,South Africa,competitor,2026-05-26,22300,False
TikTok,Neutrogena,neutrogenasa,Skin,South Africa,competitor,2026-06-26,22300,False
TikTok,Nice and Lovely,niceandlovely_ea,Skin,East Africa,competitor,2025-09-01,8525,False
TikTok,Nice and Lovely,niceandlovely_ea,Skin,East Africa,competitor,2025-10-01,9215,False
TikTok,Nice and Lovely,niceandlovely_ea,Skin,East Africa,competitor,2025-11-25,9514,False
TikTok,Nice and Lovely,niceandlovely_ea,Skin,East Africa,competitor,2025-12-25,9723,False
TikTok,Nice and Lovely,niceandlovely_ea,Skin,East Africa,competitor,2026-02-24,12600,False
TikTok,Nice and Lovely,niceandlovely_ea,Skin,East Africa,competitor,2026-03-24,13300,False
TikTok,Nice and Lovely,niceandlovely_ea,Skin,East Africa,competitor,2026-04-01,14000,False
TikTok,Nice and Lovely,niceandlovely_ea,Skin,East Africa,competitor,2026-05-26,16300,False
TikTok,Nice and Lovely,niceandlovely_ea,Skin,East Africa,competitor,2026-06-26,18100,False
TikTok,Nivea,nivea.ke,Skin,East Africa,competitor,2025-09-01,2387,False
TikTok,Nivea,nivea.ke,Skin,East Africa,competitor,2025-10-01,2386,False
TikTok,Nivea,nivea.ke,Skin,East Africa,competitor,2025-11-25,2386,False
TikTok,Nivea,nivea.ke,Skin,East Africa,competitor,2025-12-25,2379,False
TikTok,Nivea,nivea.ke,Skin,East Africa,competitor,2026-02-24,2367,False
TikTok,Nivea,nivea_me,Skin,Arabia,competitor,2025-09-01,5702,False
TikTok,Nivea,nivea_me,Skin,Arabia,competitor,2025-10-01,9458,False
TikTok,Nivea,nivea_me,Skin,Arabia,competitor,2025-11-25,21000,True
TikTok,Nivea,nivea_me,Skin,Arabia,competitor,2025-12-25,23800,False
TikTok,Nivea,nivea_me,Skin,Arabia,competitor,2026-02-24,28600,False
TikTok,Nivea,nivea_me,Skin,Arabia,competitor,2026-03-24,34900,False
TikTok,Nivea,nivea_me,Skin,Arabia,competitor,2026-04-01,34600,False
TikTok,Nivea,nivea_me,Skin,Arabia,competitor,2026-05-26,35800,False
TikTok,Nivea,nivea_me,Skin,Arabia,competitor,2026-06-26,38100,False
TikTok,Nivea,nivea_za,Skin,South Africa,competitor,2025-09-01,69300,False
TikTok,Nivea,nivea_za,Skin,South Africa,competitor,2025-10-01,77400,False
TikTok,Nivea,nivea_za,Skin,South Africa,competitor,2025-11-25,77400,False
TikTok,Nivea,nivea_za,Skin,South Africa,competitor,2025-12-25,91700,False
TikTok,Nivea,nivea_za,Skin,South Africa,competitor,2026-02-24,104400,False
TikTok,Nivea,nivea_za,Skin,South Africa,competitor,2026-03-24,122300,False
TikTok,Nivea,nivea_za,Skin,South Africa,competitor,2026-04-01,137100,False
TikTok,Nivea,nivea_za,Skin,South Africa,competitor,2026-05-26,147600,False
TikTok,Nivea,nivea_za,Skin,South Africa,competitor,2026-06-26,155400,False
TikTok,Nivea Men,niveamen.me,Skin,Arabia,competitor,2025-09-01,33100,False
TikTok,Nivea Men,niveamen.me,Skin,Arabia,competitor,2025-10-01,33000,False
TikTok,Nivea Men,niveamen.me,Skin,Arabia,competitor,2025-11-25,33000,False
TikTok,Nivea Men,niveamen.me,Skin,Arabia,competitor,2025-12-25,32900,False
TikTok,Nivea Men,niveamen.me,Skin,Arabia,competitor,2026-02-24,32800,False
TikTok,Nivea Men,niveamen.me,Skin,Arabia,competitor,2026-03-24,33000,False
TikTok,Nivea Men,niveamen.me,Skin,Arabia,competitor,2026-04-01,33000,False
TikTok,Nivea Men,niveamen.me,Skin,Arabia,competitor,2026-05-26,32900,False
TikTok,Nivea Men,niveamen.me,Skin,Arabia,competitor,2026-06-26,32900,False
TikTok,MegaGrowth,officialmegagrowthgh,Hair,West Africa,competitor,2025-09-01,1141,False
TikTok,MegaGrowth,officialmegagrowthgh,Hair,West Africa,competitor,2025-10-01,1319,False
TikTok,MegaGrowth,officialmegagrowthgh,Hair,West Africa,competitor,2025-11-25,1319,False
TikTok,MegaGrowth,officialmegagrowthgh,Hair,West Africa,competitor,2025-12-25,1442,False
TikTok,MegaGrowth,officialmegagrowthgh,Hair,West Africa,competitor,2026-02-24,1850,False
TikTok,MegaGrowth,officialmegagrowthgh,Hair,West Africa,competitor,2026-03-24,6337,True
TikTok,MegaGrowth,officialmegagrowthgh,Hair,West Africa,competitor,2026-04-01,6595,False
TikTok,MegaGrowth,officialmegagrowthgh,Hair,West Africa,competitor,2026-05-26,6697,False
TikTok,MegaGrowth,officialmegagrowthgh,Hair,West Africa,competitor,2026-06-26,6705,False
TikTok,Oral B,oralbarabia,Oral,Arabia,competitor,2024-08-01,11207,False
TikTok,Oral B,oralbarabia,Oral,Arabia,competitor,2024-10-01,11207,False
TikTok,Oral B,oralbarabia,Oral,Arabia,competitor,2025-01-01,11000,False
TikTok,Oral B,oralbarabia,Oral,Arabia,competitor,2025-04-01,11360,False
TikTok,Oral B,oralbarabia,Oral,Arabia,competitor,2025-05-01,12180,False
TikTok,Oral B,oralbarabia,Oral,Arabia,competitor,2025-06-01,12217,False
TikTok,Oral B,oralbarabia,Oral,Arabia,competitor,2025-08-01,12217,False
TikTok,Oral B,oralbarabia,Oral,Arabia,competitor,2025-09-01,12200,False
TikTok,Oral B,oralbarabia,Oral,Arabia,competitor,2025-10-01,12200,False
TikTok,Oral B,oralbarabia,Oral,Arabia,competitor,2025-11-25,12200,False
TikTok,Oral B,oralbarabia,Oral,Arabia,competitor,2025-12-25,12200,False
TikTok,Oral B,oralbarabia,Oral,Arabia,competitor,2026-01-26,12200,False
TikTok,Oral B,oralbarabia,Oral,Arabia,competitor,2026-02-24,12100,False
TikTok,Oral B,oralbarabia,Oral,Arabia,competitor,2026-03-24,12100,False
TikTok,Oral B,oralbarabia,Oral,Arabia,competitor,2026-04-01,12200,False
TikTok,Oral B,oralbarabia,Oral,Arabia,competitor,2026-05-26,12500,False
TikTok,Oral B,oralbarabia,Oral,Arabia,competitor,2026-06-26,15200,False
TikTok,ORS hair care,orshaircare_sa,,South Africa,dabur,2026-02-24,8374,False
TikTok,ORS hair care,orshaircare_sa,,South Africa,dabur,2026-03-24,11200,False
TikTok,ORS hair care,orshaircare_sa,,South Africa,dabur,2026-04-01,13700,False
TikTok,ORS hair care,orshaircare_sa,,South Africa,dabur,2026-05-26,14000,False
TikTok,ORS hair care,orshaircare_sa,,South Africa,dabur,2026-06-26,15000,False
TikTok,ORS Olive Oil,orsoliveoil_africa,Hair,Africa,dabur,2025-09-01,4895,False
TikTok,ORS Olive Oil,orsoliveoil_africa,Hair,Africa,dabur,2025-10-01,5960,False
TikTok,ORS Olive Oil,orsoliveoil_africa,Hair,Africa,dabur,2025-11-25,5960,False
TikTok,ORS Arabia,orsoliveoil_arabia,,Arabia,dabur,2026-04-01,1,False
TikTok,ORS Arabia,orsoliveoil_arabia,,Arabia,dabur,2026-05-26,1,False
TikTok,ORS Arabia,orsoliveoil_arabia,,Arabia,dabur,2026-06-26,2,False
TikTok,ORS EA,orsoliveoil_ea,,East Africa,dabur,2026-03-24,21100,False
TikTok,ORS EA,orsoliveoil_ea,,East Africa,dabur,2026-04-01,21800,False
TikTok,ORS EA,orsoliveoil_ea,,East Africa,dabur,2026-05-26,24900,False
TikTok,ORS EA,orsoliveoil_ea,,East Africa,dabur,2026-06-26,25600,False
TikTok,ORS Olive Oil,orsoliveoil_nigeria,,West Africa,dabur,2025-09-01,4914,False
TikTok,ORS Olive Oil,orsoliveoil_nigeria,,West Africa,dabur,2025-10-01,5941,False
TikTok,ORS Olive Oil,orsoliveoil_nigeria,,West Africa,dabur,2025-11-25,6794,False
TikTok,ORS Olive Oil,orsoliveoil_nigeria,,West Africa,dabur,2025-12-25,8288,False
TikTok,ORS hair care,orssouthafrica,,South Africa,competitor,2025-09-01,561,False
TikTok,ORS hair care,orssouthafrica,,South Africa,competitor,2025-10-01,576,False
TikTok,ORS hair care,orssouthafrica,,South Africa,competitor,2025-11-25,581,False
TikTok,ORS hair care,orssouthafrica,,South Africa,competitor,2025-12-25,586,False
TikTok,Pantene,pantene.arabia,Hair,Arabia,competitor,2024-08-01,33013,False
TikTok,Pantene,pantene.arabia,Hair,Arabia,competitor,2024-10-01,33013,False
TikTok,Pantene,pantene.arabia,Hair,Arabia,competitor,2025-01-01,32900,False
TikTok,Pantene,pantene.arabia,Hair,Arabia,competitor,2025-04-01,33250,False
TikTok,Pantene,pantene.arabia,Hair,Arabia,competitor,2025-05-01,34560,False
TikTok,Pantene,pantene.arabia,Hair,Arabia,competitor,2025-06-01,36570,False
TikTok,Pantene,pantene.arabia,Hair,Arabia,competitor,2025-08-01,36570,False
TikTok,Pantene,pantene.arabia,Hair,Arabia,competitor,2025-09-01,40600,False
TikTok,Pantene,pantene.arabia,Hair,Arabia,competitor,2025-10-01,42000,False
TikTok,Pantene,pantene.arabia,Hair,Arabia,competitor,2025-11-25,42000,False
TikTok,Pantene,pantene.arabia,Hair,Arabia,competitor,2025-12-25,45800,False
TikTok,Pantene,pantene.arabia,Hair,Arabia,competitor,2026-02-24,49300,False
TikTok,Pantene,pantene.arabia,Hair,Arabia,competitor,2026-03-24,50700,False
TikTok,Pantene,pantene.arabia,Hair,Arabia,competitor,2026-04-01,57900,False
TikTok,Pantene,pantene.arabia,Hair,Arabia,competitor,2026-05-26,60400,False
TikTok,Pantene,pantene.arabia,Hair,Arabia,competitor,2026-06-26,64100,False
TikTok,Parachute advase Arabia,parachuteadvansedarabia,,Arabia,competitor,2025-12-25,3122,False
TikTok,Parachute advase Arabia,parachuteadvansedarabia,,Arabia,competitor,2026-02-24,3046,False
TikTok,Parachute advase Arabia,parachuteadvansedarabia,,Arabia,competitor,2026-03-24,3005,False
TikTok,Parachute advase Arabia,parachuteadvansedarabia,,Arabia,competitor,2026-04-01,3491,False
TikTok,Parachute advase Arabia,parachuteadvansedarabia,,Arabia,competitor,2026-05-26,4095,False
TikTok,Parachute advase Arabia,parachuteadvansedarabia,,Arabia,competitor,2026-06-26,4203,False
TikTok,Parachute Amla Arabia,parachuteamlaarabia,,Arabia,competitor,2025-12-25,24,False
TikTok,Parachute Amla Arabia,parachuteamlaarabia,,Arabia,competitor,2026-02-24,22,False
TikTok,Parachute Amla Arabia,parachuteamlaarabia,,Arabia,competitor,2026-03-24,22,False
TikTok,Parachute Amla Arabia,parachuteamlaarabia,,Arabia,competitor,2026-04-01,22,False
TikTok,Parachute Amla Arabia,parachuteamlaarabia,,Arabia,competitor,2026-05-26,23,False
TikTok,Parachute Amla Arabia,parachuteamlaarabia,,Arabia,competitor,2026-06-26,23,False
TikTok,Pepsodent West Africa,pepsodent.ea,Oral,East Africa,competitor,2025-09-01,14491,False
TikTok,Pepsodent West Africa,pepsodent.ea,Oral,East Africa,competitor,2025-10-01,15500,False
TikTok,Pepsodent West Africa,pepsodent.ea,Oral,East Africa,competitor,2025-11-25,15500,False
TikTok,Pepsodent West Africa,pepsodent.ea,Oral,East Africa,competitor,2025-12-25,35300,True
TikTok,Pepsodent West Africa,pepsodent.ea,Oral,East Africa,competitor,2026-02-24,40000,False
TikTok,Pepsodent West Africa,pepsodent.ea,Oral,East Africa,competitor,2026-03-24,47300,False
TikTok,Pepsodent West Africa,pepsodent.ea,Oral,East Africa,competitor,2026-04-01,48100,False
TikTok,Pepsodent West Africa,pepsodent.ea,Oral,East Africa,competitor,2026-05-26,52300,False
TikTok,Pepsodent West Africa,pepsodent.ea,Oral,East Africa,competitor,2026-06-26,51900,False
TikTok,Pepsodent Nigeria,pepsodentnigeria,Oral,West Africa,competitor,2025-09-01,4995,False
TikTok,Pepsodent Nigeria,pepsodentnigeria,Oral,West Africa,competitor,2025-10-01,5254,False
TikTok,Pepsodent Nigeria,pepsodentnigeria,Oral,West Africa,competitor,2025-11-25,5254,False
TikTok,Pepsodent Nigeria,pepsodentnigeria,Oral,West Africa,competitor,2025-12-25,15800,True
TikTok,Pepsodent Nigeria,pepsodentnigeria,Oral,West Africa,competitor,2026-02-24,28400,False
TikTok,Pepsodent Nigeria,pepsodentnigeria,Oral,West Africa,competitor,2026-03-24,35400,False
TikTok,Pepsodent Nigeria,pepsodentnigeria,Oral,West Africa,competitor,2026-04-01,60400,False
TikTok,Pepsodent Nigeria,pepsodentnigeria,Oral,West Africa,competitor,2026-05-26,67600,False
TikTok,Pepsodent Nigeria,pepsodentnigeria,Oral,West Africa,competitor,2026-06-26,75100,False
TikTok,Princess Amira Amla Kids,princessamira.official,,Arabia,dabur,2025-12-25,1095,False
TikTok,Princess Amira Amla Kids,princessamira.official,,Arabia,dabur,2026-02-24,1149,False
TikTok,Princess Amira Amla Kids,princessamira.official,,Arabia,dabur,2026-03-24,1171,False
TikTok,Princess Amira Amla Kids,princessamira.official,,Arabia,dabur,2026-04-01,1238,False
TikTok,Princess Amira Amla Kids,princessamira.official,,Arabia,dabur,2026-05-26,1261,False
TikTok,Princess Amira Amla Kids,princessamira.official,,Arabia,dabur,2026-06-26,1387,False
TikTok,Signal,signal.arabia,Oral,Arabia,competitor,2025-04-01,189,False
TikTok,Signal,signal.arabia,Oral,Arabia,competitor,2025-05-01,221,False
TikTok,Signal,signal.arabia,Oral,Arabia,competitor,2025-06-01,245,False
TikTok,Signal,signal.arabia,Oral,Arabia,competitor,2025-08-01,245,False
TikTok,Signal,signal.arabia,Oral,Arabia,competitor,2025-09-01,265,False
TikTok,Signal,signal.arabia,Oral,Arabia,competitor,2025-10-01,268,False
TikTok,Signal,signal.arabia,Oral,Arabia,competitor,2025-11-25,268,False
TikTok,Signal,signal.arabia,Oral,Arabia,competitor,2025-12-25,5949,True
TikTok,Signal,signal.arabia,Oral,Arabia,competitor,2026-02-24,8573,False
TikTok,Signal,signal.arabia,Oral,Arabia,competitor,2026-03-24,11400,False
TikTok,Signal,signal.arabia,Oral,Arabia,competitor,2026-04-01,11000,False
TikTok,Signal,signal.arabia,Oral,Arabia,competitor,2026-05-26,13300,False
TikTok,Signal,signal.arabia,Oral,Arabia,competitor,2026-06-26,15900,False
TikTok,Sunsilk,sunsilkarabia,Hair,Arabia,competitor,2024-08-01,7214,False
TikTok,Sunsilk,sunsilkarabia,Hair,Arabia,competitor,2024-10-01,7600,False
TikTok,Sunsilk,sunsilkarabia,Hair,Arabia,competitor,2025-01-01,14900,False
TikTok,Sunsilk,sunsilkarabia,Hair,Arabia,competitor,2025-04-01,25120,False
TikTok,Sunsilk,sunsilkarabia,Hair,Arabia,competitor,2025-05-01,27400,False
TikTok,Sunsilk,sunsilkarabia,Hair,Arabia,competitor,2025-06-01,28091,False
TikTok,Sunsilk,sunsilkarabia,Hair,Arabia,competitor,2025-08-01,28091,False
TikTok,Sunsilk,sunsilkarabia,Hair,Arabia,competitor,2025-09-01,40800,False
TikTok,Sunsilk,sunsilkarabia,Hair,Arabia,competitor,2025-10-01,42300,False
TikTok,Sunsilk,sunsilkarabia,Hair,Arabia,competitor,2025-11-25,42300,False
TikTok,Sunsilk,sunsilkarabia,Hair,Arabia,competitor,2025-12-25,46600,False
TikTok,Sunsilk,sunsilkarabia,Hair,Arabia,competitor,2026-02-24,48500,False
TikTok,Sunsilk,sunsilkarabia,Hair,Arabia,competitor,2026-03-24,49700,False
TikTok,Sunsilk,sunsilkarabia,Hair,Arabia,competitor,2026-04-01,49600,False
TikTok,Sunsilk,sunsilkarabia,Hair,Arabia,competitor,2026-05-26,50300,False
TikTok,Sunsilk,sunsilkarabia,Hair,Arabia,competitor,2026-06-26,50300,False
TikTok,TCB Naturals,tcbnaturals,Hair,East Africa,competitor,2025-09-01,500,False
TikTok,TCB Naturals,tcbnaturals,Hair,East Africa,competitor,2025-10-01,515,False
TikTok,TCB Naturals,tcbnaturals,Hair,East Africa,competitor,2025-11-25,515,False
TikTok,TCB Naturals,tcbnaturals,Hair,East Africa,competitor,2025-12-25,528,False
TikTok,TCB Naturals,tcbnaturals,Hair,East Africa,competitor,2026-02-24,541,False
TikTok,TCB Naturals,tcbnaturals,Hair,East Africa,competitor,2026-03-24,564,False
TikTok,TCB Naturals,tcbnaturals,Hair,East Africa,competitor,2026-04-01,577,False
TikTok,TCB Naturals,tcbnaturals,Hair,East Africa,competitor,2026-05-26,581,False
TikTok,TCB Naturals,tcbnaturals,Hair,East Africa,competitor,2026-06-26,586,False
TikTok,Tresemme,tresemmearabia,Hair,Arabia,competitor,2025-04-01,8934,False
TikTok,Tresemme,tresemmearabia,Hair,Arabia,competitor,2025-05-01,9212,False
TikTok,Tresemme,tresemmearabia,Hair,Arabia,competitor,2025-06-01,9319,False
TikTok,Tresemme,tresemmearabia,Hair,Arabia,competitor,2025-08-01,9319,False
TikTok,Tresemme,tresemmearabia,Hair,Arabia,competitor,2025-09-01,9260,False
TikTok,Tresemme,tresemmearabia,Hair,Arabia,competitor,2025-10-01,9227,False
TikTok,Tresemme,tresemmearabia,Hair,Arabia,competitor,2025-11-25,9227,False
TikTok,Tresemme,tresemmearabia,Hair,Arabia,competitor,2025-12-25,9158,False
TikTok,Tresemme,tresemmearabia,Hair,Arabia,competitor,2026-04-01,9036,False
TikTok,Tresemme,tresemmesa,,South Africa,competitor,2025-10-01,5492,False
TikTok,Tresemme,tresemmesa,,South Africa,competitor,2025-11-25,5492,False
TikTok,Tresemme,tresemmesa,,South Africa,competitor,2025-12-25,5271,False
TikTok,Tresemme,tresemmesa,,South Africa,competitor,2026-02-24,5467,False
TikTok,Vaseline,vaselinearabia,Skin,Arabia,competitor,2024-08-01,4735,False
TikTok,Vaseline,vaselinearabia,Skin,Arabia,competitor,2024-10-01,4700,False
TikTok,Vaseline,vaselinearabia,Skin,Arabia,competitor,2025-01-01,5391,False
TikTok,Vaseline,vaselinearabia,Skin,Arabia,competitor,2025-04-01,12600,True
TikTok,Vaseline,vaselinearabia,Skin,Arabia,competitor,2025-05-01,13043,False
TikTok,Vaseline,vaselinearabia,Skin,Arabia,competitor,2025-06-01,13185,False
TikTok,Vaseline,vaselinearabia,Skin,Arabia,competitor,2025-08-01,13185,False
TikTok,Vaseline,vaselinearabia,Skin,Arabia,competitor,2025-09-01,13500,False
TikTok,Vaseline,vaselinearabia,Skin,Arabia,competitor,2025-10-01,14500,False
TikTok,Vaseline,vaselinearabia,Skin,Arabia,competitor,2025-11-25,14500,False
TikTok,Vaseline,vaselinearabia,Skin,Arabia,competitor,2025-12-25,21500,False
TikTok,Vaseline,vaselinearabia,Skin,Arabia,competitor,2026-02-24,36400,False
TikTok,Vaseline,vaselinearabia,Skin,Arabia,competitor,2026-03-24,74200,True
TikTok,Vaseline,vaselinearabia,Skin,Arabia,competitor,2026-04-01,74500,False
TikTok,Vaseline,vaselinearabia,Skin,Arabia,competitor,2026-05-26,75200,False
TikTok,Vaseline,vaselinearabia,Skin,Arabia,competitor,2026-06-26,78600,False
TikTok,Vaseline,vaselinenigeria,Skin,West Africa,competitor,2025-09-01,21400,False
TikTok,Vaseline,vaselinenigeria,Skin,West Africa,competitor,2025-10-01,30000,False
TikTok,Vaseline,vaselinenigeria,Skin,West Africa,competitor,2025-11-25,30000,False
TikTok,Vaseline,vaselinenigeria,Skin,West Africa,competitor,2025-12-25,59700,False
TikTok,Vaseline,vaselinenigeria,Skin,West Africa,competitor,2026-02-24,58800,False
TikTok,Vaseline,vaselinenigeria,Skin,West Africa,competitor,2026-03-24,59700,False
TikTok,Vaseline,vaselinenigeria,Skin,West Africa,competitor,2026-04-01,59900,False
TikTok,Vaseline,vaselinenigeria,Skin,West Africa,competitor,2026-05-26,60500,False
TikTok,Vaseline,vaselinenigeria,Skin,West Africa,competitor,2026-06-26,60100,False
TikTok,Vaseline,vaselineza,Skin,South Africa,competitor,2025-09-01,40800,False
TikTok,Vaseline,vaselineza,Skin,South Africa,competitor,2025-10-01,46200,False
TikTok,Vaseline,vaselineza,Skin,South Africa,competitor,2025-11-25,46200,False
TikTok,Vaseline,vaselineza,Skin,South Africa,competitor,2025-12-25,46700,False
TikTok,Vaseline,vaselineza,Skin,South Africa,competitor,2026-02-24,47100,False
TikTok,Vaseline,vaselineza,Skin,South Africa,competitor,2026-03-24,48400,False
TikTok,Vaseline,vaselineza,Skin,South Africa,competitor,2026-04-01,50700,False
TikTok,Vaseline,vaselineza,Skin,South Africa,competitor,2026-05-26,52300,False
TikTok,Vaseline,vaselineza,Skin,South Africa,competitor,2026-06-26,54700,False
TikTok,Vatika,vatika.arabia,Hair,Arabia,dabur,2024-08-01,11880,False
TikTok,Vatika,vatika.arabia,Hair,Arabia,dabur,2024-10-01,13300,False
TikTok,Vatika,vatika.arabia,Hair,Arabia,dabur,2025-01-01,19700,False
TikTok,Vatika,vatika.arabia,Hair,Arabia,dabur,2025-04-01,29300,False
TikTok,Vatika,vatika.arabia,Hair,Arabia,dabur,2025-05-01,32600,False
TikTok,Vatika,vatika.arabia,Hair,Arabia,dabur,2025-06-01,36446,False
TikTok,Vatika,vatika.arabia,Hair,Arabia,dabur,2025-08-01,42933,False
TikTok,Vatika,vatika.arabia,Hair,Arabia,dabur,2025-09-01,44000,False
TikTok,Vatika,vatika.arabia,Hair,Arabia,dabur,2025-10-01,50200,False
TikTok,Vatika,vatika.arabia,Hair,Arabia,dabur,2025-11-25,50200,False
TikTok,Vatika,vatika.arabia,Hair,Arabia,dabur,2025-12-25,72500,False
TikTok,Vatika,vatika.arabia,Hair,Arabia,dabur,2026-01-26,89000,False
TikTok,Vatika,vatika.arabia,Hair,Arabia,dabur,2026-02-24,101600,False
TikTok,Vatika,vatika.arabia,Hair,Arabia,dabur,2026-03-24,106700,False
TikTok,Vatika,vatika.arabia,Hair,Arabia,dabur,2026-04-01,106431,False
TikTok,Vatika,vatika.arabia,Hair,Arabia,dabur,2026-05-26,106700,False
TikTok,Vatika,vatika.arabia,Hair,Arabia,dabur,2026-06-26,110100,False
TikTok,Vatika Curls,vatika.curls,Hair,Arabia,dabur,2025-09-01,63,False
TikTok,Vatika Curls,vatika.curls,Hair,Arabia,dabur,2025-10-01,978,True
TikTok,Vatika Curls,vatika.curls,Hair,Arabia,dabur,2025-11-25,978,False
TikTok,Vatika Curls,vatika.curls,Hair,Arabia,dabur,2025-12-25,2201,True
TikTok,Vatika Curls,vatika.curls,Hair,Arabia,dabur,2026-02-24,2144,False
TikTok,Vatika Curls,vatika.curls,Hair,Arabia,dabur,2026-03-24,2105,False
TikTok,Vatika Curls,vatika.curls,Hair,Arabia,dabur,2026-04-01,2092,False
TikTok,Vatika Curls,vatika.curls,Hair,Arabia,dabur,2026-05-26,2077,False
TikTok,Vatika Curls,vatika.curls,Hair,Arabia,dabur,2026-06-26,2069,False
TikTok,Vatika Egypt,vatikaegypt,,Egypt,dabur,2025-09-01,15100,False
TikTok,Vatika Egypt,vatikaegypt,,Egypt,dabur,2025-10-01,15900,False
TikTok,Vatika Egypt,vatikaegypt,,Egypt,dabur,2025-11-25,15900,False
TikTok,Vatika Egypt,vatikaegypt,,Egypt,dabur,2025-12-25,18600,False
TikTok,Vatika Egypt,vatikaegypt,,Egypt,dabur,2026-02-24,21800,False
TikTok,Vatika Egypt,vatikaegypt,,Egypt,dabur,2026-03-24,23100,False
TikTok,Vatika Egypt,vatikaegypt,,Egypt,dabur,2026-04-01,24900,False
TikTok,Vatika Egypt,vatikaegypt,,Egypt,dabur,2026-05-26,27000,False
TikTok,Vatika Egypt,vatikaegypt,,Egypt,dabur,2026-06-26,27500,False
TikTok,Vatika,vatikaethiopia,Hair,Ethiopia,dabur,2025-09-01,370,False
TikTok,Vatika,vatikaethiopia,Hair,Ethiopia,dabur,2025-10-01,382,False
TikTok,Vatika,vatikaethiopia,Hair,Ethiopia,dabur,2025-11-25,396,False
TikTok,Vatika,vatikaethiopia,Hair,Ethiopia,dabur,2025-12-25,410,False
TikTok,Vatika,vatikaethiopia,Hair,Ethiopia,dabur,2026-02-24,424,False
TikTok,Vatika,vatikaethiopia,Hair,Ethiopia,dabur,2026-03-24,444,False
TikTok,Vatika,vatikaethiopia,Hair,Ethiopia,dabur,2026-04-01,457,False
TikTok,Vatika,vatikaethiopia,Hair,Ethiopia,dabur,2026-05-26,464,False
TikTok,Vatika,vatikaethiopia,Hair,Ethiopia,dabur,2026-06-26,471,False
TikTok,Vatika Menz,vatikamenz,Hair,Arabia,dabur,2025-09-01,2593,False
TikTok,Vatika Menz,vatikamenz,Hair,Arabia,dabur,2025-10-01,1364,False
TikTok,Vatika Menz,vatikamenz,Hair,Arabia,dabur,2025-11-25,2797,True
TikTok,Vatika Menz,vatikamenz,Hair,Arabia,dabur,2025-12-25,3831,False
TikTok,Vatika Menz,vatikamenz,Hair,Arabia,dabur,2026-02-24,5324,False
TikTok,Vatika Menz,vatikamenz,Hair,Arabia,dabur,2026-03-24,5698,False
TikTok,Vatika Menz,vatikamenz,Hair,Arabia,dabur,2026-04-01,6346,False
TikTok,Vatika Menz,vatikamenz,Hair,Arabia,dabur,2026-05-26,6679,False
TikTok,Vatika Menz,vatikamenz,Hair,Arabia,dabur,2026-06-26,6997,False
TikTok,Garnier,,Hair/Skin,Arabia,competitor,2025-04-01,3250,False
TikTok,Garnier,,Hair/Skin,Arabia,competitor,2025-05-01,3866,False
TikTok,Garnier,,Hair/Skin,Arabia,competitor,2025-06-01,4496,False
TikTok,Garnier,,Hair/Skin,Arabia,competitor,2025-09-01,4496,False
TikTok,Garnier,,Hair/Skin,Arabia,competitor,2025-10-01,4496,False
TikTok,Garnier,,Hair/Skin,Arabia,competitor,2025-11-25,4496,False
TikTok,meetflamigo?,,,,competitor,2025-11-25,124000,False
TikTok,naircare?,,,,competitor,2025-11-25,433600,False
TikTok,naircare?,,,,competitor,2025-12-25,432000,False
TikTok,onebrandarabia,,,,competitor,2025-11-25,18400,False
